Numero do Artigo,Texto do Artigo
"1º","Art. 1º Não há crime sem lei anterior que o defina. Não há pena sem prévia cominação legal."
"2º","Art. 2º Ninguém pode ser punido por fato que lei posterior deixa de considerar crime, cessando em virtude dela a execução e os efeitos penais da sentença condenatória.

Parágrafo único - A lei posterior, que de qualquer modo favorecer o agente, aplica-se aos fatos anteriores, ainda que decididos por sentença condenatória transitada em julgado."
"3º","Art. 3º A lei excepcional ou temporária, embora decorrido o período de sua duração ou cessadas as circunstâncias que a determinaram, aplica-se ao fato praticado durante sua vigência."
"4º","Art. 4º Considera-se praticado o crime no momento da ação ou omissão, ainda que outro seja o momento do resultado."
"5º","Art. 5º Aplica-se a lei brasileira, sem prejuízo de convenções, tratados e regras de direito internacional, ao crime cometido no território nacional.

§ 1º - Para os efeitos penais, consideram-se como extensão do território nacional as embarcações e aeronaves brasileiras, de natureza pública ou a serviço do governo brasileiro onde quer que se encontrem, bem como as aeronaves e as embarcações brasileiras, mercantes ou de propriedade privada, que se achem, respectivamente, no espaço aéreo correspondente ou em alto-mar.

§ 2º - É também aplicável a lei brasileira aos crimes praticados a bordo de aeronaves ou embarcações estrangeiras de propriedade privada, achando-se aquelas em pouso no território nacional ou em vôo no espaço aéreo correspondente, e estas em porto ou mar territorial do Brasil."
"6º","Art. 6º Considera-se praticado o crime no lugar em que ocorreu a ação ou omissão, no todo ou em parte, bem como onde se produziu ou deveria produzir-se o resultado."
"7º","Art. 7º Ficam sujeitos à lei brasileira, embora cometidos no estrangeiro:

I - os crimes:

a) contra a vida ou a liberdade do Presidente da República;

b) contra o patrimônio ou a fé pública da União, do Distrito Federal, de Estado, de Território, de Município, de empresa pública, sociedade de economia mista, autarquia ou fundação instituída pelo Poder Público;

c) contra a administração pública, por quem está a seu serviço;

d) de genocídio, quando o agente for brasileiro ou domiciliado no Brasil;

II - os crimes:

a) que, por tratado ou convenção, o Brasil se obrigou a reprimir;

b) praticados por brasileiro;

c) praticados em aeronaves ou embarcações brasileiras, mercantes ou de propriedade privada, quando em território estrangeiro e aí não sejam julgados.

§ 1º - Nos casos do inciso I, o agente é punido segundo a lei brasileira, ainda que absolvido ou condenado no estrangeiro.

§ 2º - Nos casos do inciso II, a aplicação da lei brasileira depende do concurso das seguintes condições:

a) entrar o agente no território nacional;

b) ser o fato punível também no país em que foi praticado;

c) estar o crime incluído entre aqueles pelos quais a lei brasileira autoriza a extradição;

d) não ter sido o agente absolvido no estrangeiro ou não ter aí cumprido a pena;

e) não ter sido o agente perdoado no estrangeiro ou, por outro motivo, não estar extinta a punibilidade, segundo a lei mais favorável.

§ 3º - A lei brasileira aplica-se também ao crime cometido por estrangeiro contra brasileiro fora do Brasil, se, reunidas as condições previstas no parágrafo anterior:

a) não foi pedida ou foi negada a extradição;

b) houve requisição do Ministro da Justiça."
"8º","Art. 8º A pena cumprida no estrangeiro atenua a pena imposta no Brasil pelo mesmo crime, quando diversas, ou nela é computada, quando idênticas."
"9º","Art. 9º A sentença estrangeira, quando a aplicação da lei brasileira produz na espécie as mesmas conseqüências, pode ser homologada no Brasil para:

I - obrigar o condenado à reparação do dano, a restituições e a outros efeitos civis;

II - sujeitá-lo a medida de segurança.

Parágrafo único - A homologação depende:

a) para os efeitos previstos no inciso I, de pedido da parte interessada;

b) para os outros efeitos, da existência de tratado de extradição com o país de cuja autoridade judiciária emanou a sentença, ou, na falta de tratado, de requisição do Ministro da Justiça."
"10","Art. 10 O dia do começo inclui-se no cômputo do prazo. Contam-se os dias, os meses e os anos pelo calendário comum."
"11","Art. 11 Desprezam-se, nas penas privativas de liberdade e nas restritivas de direitos, as frações de dia, e, na pena de multa, as frações de cruzeiro."
"12","Art. 12 As regras gerais deste Código aplicam-se aos fatos incriminados por lei especial, se esta não dispuser de modo diverso."
"13","Art. 13 O resultado, de que depende a existência do crime, somente é imputável a quem lhe deu causa. Considera-se causa a ação ou omissão sem a qual o resultado não teria ocorrido.

Superveniência de causa independente

§ 1º - A superveniência de causa relativamente independente exclui a imputação quando, por si só, produziu o resultado; os fatos anteriores, entretanto, imputam-se a quem os praticou.

Relevância da omissão

§ 2 º - A omissão é penalmente relevante quando o omitente devia e podia agir para evitar o resultado. O dever de agir incumbe a quem:

a) tenha por lei obrigação de cuidado, proteção ou vigilância;

b) de outra forma, assumiu a responsabilidade de impedir o resultado;

c) com seu comportamento anterior, criou o risco da ocorrência do resultado."
"14","Art. 14 Diz-se o crime:

Crime consumado

I - consumado, quando nele se reúnem todos os elementos de sua definição legal;

Tentativa

II - tentado, quando, iniciada a execução, não se consuma por circunstâncias alheias à vontade do agente.

Pena de tentativa

Parágrafo único - Salvo disposição em contrário, pune-se a tentativa com a pena correspondente ao crime consumado, diminuída de um a dois terços."
"15","Art. 15 O agente que, voluntariamente, desiste de prosseguir na execução ou impede que o resultado se produza, só responde pelos atos já praticados."
"16","Art. 16 Nos crimes cometidos sem violência ou grave ameaça à pessoa, reparado o dano ou restituída a coisa, até o recebimento da denúncia ou da queixa, por ato voluntário do agente, a pena será reduzida de um a dois terços."
"17","Art. 17 Não se pune a tentativa quando, por ineficácia absoluta do meio ou por absoluta impropriedade do objeto, é impossível consumar-se o crime."
"18","Art. 18 Diz-se o crime:

Crime doloso

I - doloso, quando o agente quis o resultado ou assumiu o risco de produzi-lo;

Crime culposo

II - culposo, quando o agente deu causa ao resultado por imprudência, negligência ou imperícia.

Parágrafo único - Salvo os casos expressos em lei, ninguém pode ser punido por fato previsto como crime, senão quando o pratica dolosamente."
"19","Art. 19 Pelo resultado que agrava especialmente a pena, só responde o agente que o houver causado ao menos culposamente."
"20","Art. 20 O erro sobre elemento constitutivo do tipo legal de crime exclui o dolo, mas permite a punição por crime culposo, se previsto em lei.

Descriminantes putativas

§ 1º - É isento de pena quem, por erro plenamente justificado pelas circunstâncias, supõe situação de fato que, se existisse, tornaria a ação legítima. Não há isenção de pena quando o erro deriva de culpa e o fato é punível como crime culposo.

Erro determinado por terceiro

§ 2º - Responde pelo crime o terceiro que determina o erro.

Erro sobre a pessoa

§ 3 º - O erro quanto à pessoa contra a qual o crime é praticado não isenta de pena. Não se consideram, neste caso, as condições ou qualidades da vítima, senão as da pessoa contra quem o agente queria praticar o crime."
"21","Art. 21 O desconhecimento da lei é inescusável. O erro sobre a ilicitude do fato, se inevitável, isenta de pena; se evitável, poderá diminuí-la de um sexto a um terço.

Parágrafo único - Considera-se evitável o erro se o agente atua ou se omite sem a consciência da ilicitude do fato, quando lhe era possível, nas circunstâncias, ter ou atingir essa consciência."
"22","Art. 22 Se o fato é cometido sob coação irresistível ou em estrita obediência a ordem, não manifestamente ilegal, de superior hierárquico, só é punível o autor da coação ou da ordem."
"23","Art. 23 Não há crime quando o agente pratica o fato:

I - em estado de necessidade;

II - em legítima defesa;

III - em estrito cumprimento de dever legal ou no exercício regular de direito.

Excesso punível

Parágrafo único - O agente, em qualquer das hipóteses deste artigo, responderá pelo excesso doloso ou culposo."
"24","Art. 24 Considera-se em estado de necessidade quem pratica o fato para salvar de perigo atual, que não provocou por sua vontade, nem podia de outro modo evitar, direito próprio ou alheio, cujo sacrifício, nas circunstâncias, não era razoável exigir-se.

§ 1 º - Não pode alegar estado de necessidade quem tinha o dever legal de enfrentar o perigo.

§ 2 º - Embora seja razoável exigir-se o sacrifício do direito ameaçado, a pena poderá ser reduzida de um a dois terços."
"25","Art. 25 Entende-se em legítima defesa quem, usando moderadamente dos meios necessários, repele injusta agressão, atual ou iminente, a direito seu ou de outrem.

Parágrafo único. Observados os requisitos previstos no caput deste artigo, considera-se também em legítima defesa o agente de segurança pública que repele agressão ou risco de agressão a vítima mantida refém durante a prática de crimes."
"26","Art. 26 É isento de pena o agente que, por doença mental ou desenvolvimento mental incompleto ou retardado, era, ao tempo da ação ou da omissão, inteiramente incapaz de entender o caráter ilícito do fato ou de determinar-se de acordo com esse entendimento.

Redução de pena

Parágrafo único - A pena pode ser reduzida de um a dois terços, se o agente, em virtude de perturbação de saúde mental ou por desenvolvimento mental incompleto ou retardado não era inteiramente capaz de entender o caráter ilícito do fato ou de determinar-se de acordo com esse entendimento."
"27","Art. 27 Os menores de 18 anos são penalmente inimputáveis, ficando sujeitos às normas estabelecidas na legislação especial."
"28","Art. 28 Não excluem a imputabilidade penal:

I - a emoção ou a paixão;

Embriaguez

II - a embriaguez, voluntária ou culposa, pelo álcool ou substância de efeitos análogos.

§ 1 º - É isento de pena o agente que, por embriaguez completa, proveniente de caso fortuito ou força maior, era, ao tempo da ação ou da omissão, inteiramente incapaz de entender o caráter ilícito do fato ou de determinar-se de acordo com esse entendimento.

§ 2 º - A pena pode ser reduzida de um a dois terços, se o agente, por embriaguez, proveniente de caso fortuito ou força maior, não possuía, ao tempo da ação ou da omissão, a plena capacidade de entender o caráter ilícito do fato ou de determinar-se de acordo com esse entendimento."
"29","Art. 29 Quem, de qualquer modo, concorre para o crime incide nas penas a este cominadas, na medida de sua culpabilidade.

§ 1 º - Se a participação for de menor importância, a pena pode ser diminuída de um sexto a um terço.

§ 2 º - Se algum dos concorrentes quis participar de crime menos grave, ser-lhe-á aplicada a pena deste; essa pena será aumentada até metade, na hipótese de ter sido previsível o resultado mais grave."
"30","Art. 30 Não se comunicam as circunstâncias e as condições de caráter pessoal, salvo quando elementares do crime."
"31","Art. 31 O ajuste, a determinação ou instigação e o auxílio, salvo disposição expressa em contrário, não são puníveis, se o crime não chega, pelo menos, a ser tentado."
"32","Art. 32 As penas são:

I - privativas de liberdade;

II - restritivas de direitos;

III - de multa."
"33","Art. 33 A pena de reclusão deve ser cumprida em regime fechado, semi-aberto ou aberto. A de detenção, em regime semi-aberto, ou aberto, salvo necessidade de transferência a regime fechado.

§ 1 º - Considera-se:

a) regime fechado a execução da pena em estabelecimento de segurança máxima ou média;

b) regime semi-aberto a execução da pena em colônia agrícola, industrial ou estabelecimento similar;

c) regime aberto a execução da pena em casa de albergado ou estabelecimento adequado.

§ 2 º - As penas privativas de liberdade deverão ser executadas em forma progressiva, segundo o mérito do condenado, observados os seguintes critérios e ressalvadas as hipóteses de transferência a regime mais rigoroso:

a) o condenado a pena superior a 8 anos deverá começar a cumpri-la em regime fechado;

b) o condenado não reincidente, cuja pena seja superior a 4 anos e não exceda a 8, poderá, desde o princípio, cumpri-la em regime semi-aberto;

c) o condenado não reincidente, cuja pena seja igual ou inferior a 4 anos, poderá, desde o início, cumpri-la em regime aberto.

§ 3 º - A determinação do regime inicial de cumprimento da pena far-se-á com observância dos critérios previstos no art. 59 deste Código.

§ 4 o O condenado por crime contra a administração pública terá a progressão de regime do cumprimento da pena condicionada à reparação do dano que causou, ou à devolução do produto do ilícito praticado, com os acréscimos legais."
"34","Art. 34 O condenado será submetido, no início do cumprimento da pena, a exame criminológico de classificação para individualização da execução.

§ 1 º - O condenado fica sujeito a trabalho no período diurno e a isolamento durante o repouso noturno.

§ 2 º - O trabalho será em comum dentro do estabelecimento, na conformidade das aptidões ou ocupações anteriores do condenado, desde que compatíveis com a execução da pena.

§ 3º - O trabalho externo é admissível, no regime fechado, em serviços ou obras públicas."
"35","Art. 35 Aplica-se a norma do art. 34 deste Código, caput, ao condenado que inicie o cumprimento da pena em regime semi-aberto.

§ 1 º - O condenado fica sujeito a trabalho em comum durante o período diurno, em colônia agrícola, industrial ou estabelecimento similar.

§ 2 º - O trabalho externo é admissível, bem como a freqüência a cursos supletivos profissionalizantes, de instrução de segundo grau ou superior."
"36","Art. 36 O regime aberto baseia-se na autodisciplina e senso de responsabilidade do condenado.

§ 1º - O condenado deverá, fora do estabelecimento e sem vigilância, trabalhar, freqüentar curso ou exercer outra atividade autorizada, permanecendo recolhido durante o período noturno e nos dias de folga.

§ 2º - O condenado será transferido do regime aberto, se praticar fato definido como crime doloso, se frustrar os fins da execução ou se, podendo, não pagar a multa cumulativamente aplicada."
"37","Art. 37 As mulheres cumprem pena em estabelecimento próprio, observando-se os deveres e direitos inerentes à sua condição pessoal, bem como, no que couber, o disposto neste Capítulo."
"38","Art. 38 O preso conserva todos os direitos não atingidos pela perda da liberdade, impondo-se a todas as autoridades o respeito à sua integridade física e moral."
"39","Art. 39 O trabalho do preso será sempre remunerado, sendo-lhe garantidos os benefícios da Previdência Social."
"40","Art. 40 A legislação especial regulará a matéria prevista nos arts. 38 e 39 deste Código, bem como especificará os deveres e direitos do preso, os critérios para revogação e transferência dos regimes e estabelecerá as infrações disciplinares e correspondentes sanções."
"41","Art. 41 O condenado a quem sobrevém doença mental deve ser recolhido a hospital de custódia e tratamento psiquiátrico ou, à falta, a outro estabelecimento adequado."
"42","Art. 42 Computam-se, na pena privativa de liberdade e na medida de segurança, o tempo de prisão provisória, no Brasil ou no estrangeiro, o de prisão administrativa e o de internação em qualquer dos estabelecimentos referidos no artigo anterior."
"43","Art. 43. As penas restritivas de direitos são:

I - prestação pecuniária;

II - perda de bens e valores;

III - limitação de fim de semana.

IV - prestação de serviço à comunidade ou a entidades públicas;

V - interdição temporária de direitos;

VI - limitação de fim de semana."
"44","Art. 44. As penas restritivas de direitos são autônomas e substituem as privativas de liberdade, quando:

I – aplicada pena privativa de liberdade não superior a quatro anos e o crime não for cometido com violência ou grave ameaça à pessoa ou, qualquer que seja a pena aplicada, se o crime for culposo;

II – o réu não for reincidente em crime doloso;

III – a culpabilidade, os antecedentes, a conduta social e a personalidade do condenado, bem como os motivos e as circunstâncias indicarem que essa substituição seja suficiente.

§ 1 o

§ 2 o Na condenação igual ou inferior a um ano, a substituição pode ser feita por multa ou por uma pena restritiva de direitos; se superior a um ano, a pena privativa de liberdade pode ser substituída por uma pena restritiva de direitos e multa ou por duas restritivas de direitos.

§ 3 o Se o condenado for reincidente, o juiz poderá aplicar a substituição, desde que, em face de condenação anterior, a medida seja socialmente recomendável e a reincidência não se tenha operado em virtude da prática do mesmo crime.

§ 4 o A pena restritiva de direitos converte-se em privativa de liberdade quando ocorrer o descumprimento injustificado da restrição imposta. No cálculo da pena privativa de liberdade a executar será deduzido o tempo cumprido da pena restritiva de direitos, respeitado o saldo mínimo de trinta dias de detenção ou reclusão.

§ 5 o Sobrevindo condenação a pena privativa de liberdade, por outro crime, o juiz da execução penal decidirá sobre a conversão, podendo deixar de aplicá-la se for possível ao condenado cumprir a pena substitutiva anterior."
"45","Art. 45. Na aplicação da substituição prevista no artigo anterior, proceder-se-á na forma deste e dos arts. 46, 47 e 48.

§ 1 o A prestação pecuniária consiste no pagamento em dinheiro à vítima, a seus dependentes ou a entidade pública ou privada com destinação social, de importância fixada pelo juiz, não inferior a 1 salário mínimo nem superior a 360 salários mínimos. O valor pago será deduzido do montante de eventual condenação em ação de reparação civil, se coincidentes os beneficiários.

§ 2 o No caso do parágrafo anterior, se houver aceitação do beneficiário, a prestação pecuniária pode consistir em prestação de outra natureza.

§ 3 o A perda de bens e valores pertencentes aos condenados dar-se-á, ressalvada a legislação especial, em favor do Fundo Penitenciário Nacional, e seu valor terá como teto – o que for maior – o montante do prejuízo causado ou do provento obtido pelo agente ou por terceiro, em conseqüência da prática do crime.

§ 4 o"
"46","Art. 46. A prestação de serviços à comunidade ou a entidades públicas é aplicável às condenações superiores a seis meses de privação da liberdade.

§ 1 o A prestação de serviços à comunidade ou a entidades públicas consiste na atribuição de tarefas gratuitas ao condenado.

§ 2 o A prestação de serviço à comunidade dar-se-á em entidades assistenciais, hospitais, escolas, orfanatos e outros estabelecimentos congêneres, em programas comunitários ou estatais.

§ 3 o As tarefas a que se refere o § 1 o serão atribuídas conforme as aptidões do condenado, devendo ser cumpridas à razão de uma hora de tarefa por dia de condenação, fixadas de modo a não prejudicar a jornada normal de trabalho.

§ 4 o Se a pena substituída for superior a um ano, é facultado ao condenado cumprir a pena substitutiva em menor tempo, nunca inferior à metade da pena privativa de liberdade fixada."
"47","Art. 47 As penas de interdição temporária de direitos são:

I - proibição do exercício de cargo, função ou atividade pública, bem como de mandato eletivo;

II - proibição do exercício de profissão, atividade ou ofício que dependam de habilitação especial, de licença ou autorização do poder público;

III - suspensão de autorização ou de habilitação para dirigir veículo.

IV – proibição de freqüentar determinados lugares.

V - proibição de inscrever-se em concurso, avaliação ou exame públicos."
"48","Art. 48 A limitação de fim de semana consiste na obrigação de permanecer, aos sábados e domingos, por 5 horas diárias, em casa de albergado ou outro estabelecimento adequado.

Parágrafo único - Durante a permanência poderão ser ministrados ao condenado cursos e palestras ou atribuídas atividades educativas."
"49","Art. 49 A pena de multa consiste no pagamento ao fundo penitenciário da quantia fixada na sentença e calculada em dias-multa. Será, no mínimo, de 10 e, no máximo, de 360 dias-multa.

§ 1º - O valor do dia-multa será fixado pelo juiz não podendo ser inferior a um trigésimo do maior salário mínimo mensal vigente ao tempo do fato, nem superior a 5 vezes esse salário.

§ 2º - O valor da multa será atualizado, quando da execução, pelos índices de correção monetária."
"50","Art. 50 A multa deve ser paga dentro de 10 dias depois de transitada em julgado a sentença. A requerimento do condenado e conforme as circunstâncias, o juiz pode permitir que o pagamento se realize em parcelas mensais.

§ 1º - A cobrança da multa pode efetuar-se mediante desconto no vencimento ou salário do condenado quando:

a) aplicada isoladamente;

b) aplicada cumulativamente com pena restritiva de direitos;

c) concedida a suspensão condicional da pena.

§ 2º - O desconto não deve incidir sobre os recursos indispensáveis ao sustento do condenado e de sua família."
"51","Art. 51. Transitada em julgado a sentença condenatória, a multa será executada perante o juiz da execução penal e será considerada dívida de valor, aplicáveis as normas relativas à dívida ativa da Fazenda Pública, inclusive no que concerne às causas interruptivas e suspensivas da prescrição.

§ 1º -

§ 2º -"
"52","Art. 52 É suspensa a execução da pena de multa, se sobrevém ao condenado doença mental."
"53","Art. 53 As penas privativas de liberdade têm seus limites estabelecidos na sanção correspondente a cada tipo legal de crime."
"54","Art. 54 As penas restritivas de direitos são aplicáveis, independentemente de cominação na parte especial, em substituição à pena privativa de liberdade, fixada em quantidade inferior a 1 ano, ou nos crimes culposos."
"55","Art. 55. As penas restritivas de direitos referidas nos incisos III, IV, V e VI do art. 43 terão a mesma duração da pena privativa de liberdade substituída, ressalvado o disposto no § 4 o do art. 46."
"56","Art. 56 As penas de interdição, previstas nos incisos I e II do art. 47 deste Código, aplicam-se para todo o crime cometido no exercício de profissão, atividade, ofício, cargo ou função, sempre que houver violação dos deveres que lhes são inerentes."
"57","Art. 57 A pena de interdição, prevista no inciso III do art. 47 deste Código, aplica-se aos crimes culposos de trânsito."
"58","Art. 58 A multa, prevista em cada tipo legal de crime, tem os limites fixados no art. 49 e seus parágrafos deste Código.

Parágrafo único - A multa prevista no parágrafo único do art. 44 e no § 2º do art. 60 deste Código aplica-se independentemente de cominação na parte especial."
"59","Art. 59 O juiz, atendendo à culpabilidade, aos antecedentes, à conduta social, à personalidade do agente, aos motivos, às circunstâncias e conseqüências do crime, bem como ao comportamento da vítima, estabelecerá, conforme seja necessário e suficiente para reprovação e prevenção do crime:

I - as penas aplicáveis dentre as cominadas;

II - a quantidade de pena aplicável, dentro dos limites previstos;

III - o regime inicial de cumprimento da pena privativa de liberdade;

IV - a substituição da pena privativa da liberdade aplicada, por outra espécie de pena, se cabível."
"60","Art. 60 Na fixação da pena de multa o juiz deve atender, principalmente, à situação econômica do réu.

§ 1 º - A multa pode ser aumentada até o triplo, se o juiz considerar que, em virtude da situação econômica do réu, é ineficaz, embora aplicada no máximo.

Multa substitutiva

§ 2º - A pena privativa de liberdade aplicada, não superior a 6 meses, pode ser substituída pela de multa, observados os critérios dos incisos II e III do art. 44 deste Código."
"61","Art. 61 São circunstâncias que sempre agravam a pena, quando não constituem ou qualificam o crime:

I - a reincidência;

II - ter o agente cometido o crime:

a) por motivo fútil ou torpe;

b) para facilitar ou assegurar a execução, a ocultação, a impunidade ou vantagem de outro crime;

c) à traição, de emboscada, ou mediante dissimulação, ou outro recurso que dificultou ou tornou impossível a defesa do ofendido;

d) com emprego de veneno, fogo, explosivo, tortura ou outro meio insidioso ou cruel, ou de que podia resultar perigo comum;

e) contra ascendente, descendente, irmão ou cônjuge;

f) com abuso de autoridade ou prevalecendo-se de relações domésticas, de coabitação ou de hospitalidade, ou com violência contra a mulher na forma da lei específica;

g) com abuso de poder ou violação de dever inerente a cargo, ofício, ministério ou profissão;

h) contra criança, maior de 60 anos, enfermo ou mulher grávida;

i) quando o ofendido estava sob a imediata proteção da autoridade;

j) em ocasião de incêndio, naufrágio, inundação ou qualquer calamidade pública, ou de desgraça particular do ofendido;

l) em estado de embriaguez preordenada.

m) nas dependências de instituição de ensino."
"62","Art. 62 A pena será ainda agravada em relação ao agente que:

I - promove, ou organiza a cooperação no crime ou dirige a atividade dos demais agentes;

II - coage ou induz outrem à execução material do crime;

III - instiga ou determina a cometer o crime alguém sujeito à sua autoridade ou não-punível em virtude de condição ou qualidade pessoal;

IV - executa o crime, ou nele participa, mediante paga ou promessa de recompensa."
"63","Art. 63 Verifica-se a reincidência quando o agente comete novo crime, depois de transitar em julgado a sentença que, no País ou no estrangeiro, o tenha condenado por crime anterior."
"64","Art. 64 Para efeito de reincidência:

I - não prevalece a condenação anterior, se entre a data do cumprimento ou extinção da pena e a infração posterior tiver decorrido período de tempo superior a 5 anos, computado o período de prova da suspensão ou do livramento condicional, se não ocorrer revogação;

II - não se consideram os crimes militares próprios e políticos."
"65","Art. 65 São circunstâncias que sempre atenuam a pena:

I - ser o agente menor de 21 anos, na data do fato, ou maior de 70 anos, na data da sentença, salvo se o crime envolver violência sexual contra a mulher;

II - o desconhecimento da lei;

III - ter o agente:

a) cometido o crime por motivo de relevante valor social ou moral;

b) procurado, por sua espontânea vontade e com eficiência, logo após o crime, evitar-lhe ou minorar-lhe as conseqüências, ou ter, antes do julgamento, reparado o dano;

c) cometido o crime sob coação a que podia resistir, ou em cumprimento de ordem de autoridade superior, ou sob a influência de violenta emoção, provocada por ato injusto da vítima;

d) confessado espontaneamente, perante a autoridade, a autoria do crime;

e) cometido o crime sob a influência de multidão em tumulto, se não o provocou."
"66","Art. 66 A pena poderá ser ainda atenuada em razão de circunstância relevante, anterior ou posterior ao crime, embora não prevista expressamente em lei."
"67","Art. 67 No concurso de agravantes e atenuantes, a pena deve aproximar-se do limite indicado pelas circunstâncias preponderantes, entendendo-se como tais as que resultam dos motivos determinantes do crime, da personalidade do agente e da reincidência."
"68","Art. 68 A pena-base será fixada atendendo-se ao critério do art. 59 deste Código; em seguida serão consideradas as circunstâncias atenuantes e agravantes; por último, as causas de diminuição e de aumento.

Parágrafo único - No concurso de causas de aumento ou de diminuição previstas na parte especial, pode o juiz limitar-se a um só aumento ou a uma só diminuição, prevalecendo, todavia, a causa que mais aumente ou diminua."
"69","Art. 69 Quando o agente, mediante mais de uma ação ou omissão, pratica dois ou mais crimes, idênticos ou não, aplicam-se cumulativamente as penas privativas de liberdade em que haja incorrido. No caso de aplicação cumulativa de penas de reclusão e de detenção, executa-se primeiro aquela.

§ 1º - Na hipótese deste artigo, quando ao agente tiver sido aplicada pena privativa de liberdade, não suspensa, por um dos crimes, para os demais será incabível a substituição de que trata o art. 44 deste Código.

§ 2 º - Quando forem aplicadas penas restritivas de direitos, o condenado cumprirá simultaneamente as que forem compatíveis entre si e sucessivamente as demais."
"70","Art. 70 Quando o agente, mediante uma só ação ou omissão, pratica dois ou mais crimes, idênticos ou não, aplica-se-lhe a mais grave das penas cabíveis ou, se iguais, somente uma delas, mas aumentada, em qualquer caso, de um sexto até metade. As penas aplicam-se, entretanto, cumulativamente, se a ação ou omissão é dolosa e os crimes concorrentes resultam de desígnios autônomos, consoante o disposto no artigo anterior.

Parágrafo único - Não poderá a pena exceder a que seria cabível pela regra do art. 69 deste Código."
"71","Art. 71 Quando o agente, mediante mais de uma ação ou omissão, pratica dois ou mais crimes da mesma espécie e, pelas condições de tempo, lugar, maneira de execução e outras semelhantes, devem os subseqüentes ser havidos como continuação do primeiro, aplica-se-lhe a pena de um só dos crimes, se idênticas, ou a mais grave, se diversas, aumentada, em qualquer caso, de um sexto a dois terços.

Parágrafo único - Nos crimes dolosos, contra vítimas diferentes, cometidos com violência ou grave ameaça à pessoa, poderá o juiz, considerando a culpabilidade, os antecedentes, a conduta social e a personalidade do agente, bem como os motivos e as circunstâncias, aumentar a pena de um só dos crimes, se idênticas, ou a mais grave, se diversas, até o triplo, observadas as regras do parágrafo único do art. 70 e do art. 75 deste Código."
"72","Art. 72 No concurso de crimes, as penas de multa são aplicadas distinta e integralmente."
"73","Art. 73 Quando, por acidente ou erro no uso dos meios de execução, o agente, ao invés de atingir a pessoa que pretendia ofender, atinge pessoa diversa, responde como se tivesse praticado o crime contra aquela, atendendo-se ao disposto no § 3º do art. 20 deste Código. No caso de ser também atingida a pessoa que o agente pretendia ofender, aplica-se a regra do art. 70 deste Código."
"74","Art. 74 Fora dos casos do artigo anterior, quando, por acidente ou erro na execução do crime, sobrevém resultado diverso do pretendido, o agente responde por culpa, se o fato é previsto como crime culposo; se ocorre também o resultado pretendido, aplica-se a regra do art. 70 deste Código."
"75","Art. 75. O tempo de cumprimento das penas privativas de liberdade não pode ser superior a 40 anos.

§ 1º Quando o agente for condenado a penas privativas de liberdade cuja soma seja superior a 40 anos, devem elas ser unificadas para atender ao limite máximo deste artigo.

§ 2º - Sobrevindo condenação por fato posterior ao início do cumprimento da pena, far-se-á nova unificação, desprezando-se, para esse fim, o período de pena já cumprido."
"76","Art. 76 No concurso de infrações, executar-se-á primeiramente a pena mais grave."
"77","Art. 77 A execução da pena privativa de liberdade, não superior a 2 anos, poderá ser suspensa, por 2 a 4 anos, desde que:

I - o condenado não seja reincidente em crime doloso;

II - a culpabilidade, os antecedentes, a conduta social e personalidade do agente, bem como os motivos e as circunstâncias autorizem a concessão do benefício;

III - Não seja indicada ou cabível a substituição prevista no art. 44 deste Código.

§ 1º - A condenação anterior a pena de multa não impede a concessão do benefício.

§ 2 o A execução da pena privativa de liberdade, não superior a quatro anos, poderá ser suspensa, por quatro a seis anos, desde que o condenado seja maior de setenta anos de idade, ou razões de saúde justifiquem a suspensão."
"78","Art. 78 Durante o prazo da suspensão, o condenado ficará sujeito à observação e ao cumprimento das condições estabelecidas pelo juiz.

§ 1º - No primeiro ano do prazo, deverá o condenado prestar serviços à comunidade ou submeter-se à limitação de fim de semana.

§ 2° Se o condenado houver reparado o dano, salvo impossibilidade de fazê-lo, e se as circunstâncias do art. 59 deste Código lhe forem inteiramente favoráveis, o juiz poderá substituir a exigência do parágrafo anterior pelas seguintes condições, aplicadas cumulativamente:

a) proibição de freqüentar determinados lugares;

b) proibição de ausentar-se da comarca onde reside, sem autorização do juiz;

c) comparecimento pessoal e obrigatório a juízo, mensalmente, para informar e justificar suas atividades."
"79","Art. 79 A sentença poderá especificar outras condições a que fica subordinada a suspensão, desde que adequadas ao fato e à situação pessoal do condenado."
"80","Art. 80 A suspensão não se estende às penas restritivas de direitos nem à multa."
"81","Art. 81 A suspensão será revogada se, no curso do prazo, o beneficiário:

I - é condenado, em sentença irrecorrível, por crime doloso;

II - frustra, embora solvente, a execução de pena de multa ou não efetua, sem motivo justificado, a reparação do dano;

III - descumpre a condição do § 1º do art. 78 deste Código.

Revogação facultativa

§ 1º - A suspensão poderá ser revogada se o condenado descumpre qualquer outra condição imposta ou é irrecorrivelmente condenado, por crime culposo ou por contravenção, a pena privativa de liberdade ou restritiva de direitos.

Prorrogação do período de prova

§ 2º - Se o beneficiário está sendo processado por outro crime ou contravenção, considera-se prorrogado o prazo da suspensão até o julgamento definitivo.

§ 3º - Quando facultativa a revogação, o juiz pode, ao invés de decretá-la, prorrogar o período de prova até o máximo, se este não foi o fixado."
"82","Art. 82 Expirado o prazo sem que tenha havido revogação, considera-se extinta a pena privativa de liberdade."
"83","Art. 83 O juiz poderá conceder livramento condicional ao condenado a pena privativa de liberdade igual ou superior a 2 anos, desde que:

I - cumprida mais de um terço da pena se o condenado não for reincidente em crime doloso e tiver bons antecedentes;

II - cumprida mais da metade se o condenado for reincidente em crime doloso;

III - comprovado:

a) bom comportamento durante a execução da pena;

b) não cometimento de falta grave nos últimos 12 meses;

c) bom desempenho no trabalho que lhe foi atribuído; e

d) aptidão para prover a própria subsistência mediante trabalho honesto;

IV - tenha reparado, salvo efetiva impossibilidade de fazê-lo, o dano causado pela infração;

V - cumpridos mais de dois terços da pena, nos casos de condenação por crime hediondo, prática de tortura, tráfico ilícito de entorpecentes e drogas afins, tráfico de pessoas e terrorismo, se o apenado não for reincidente específico em crimes dessa natureza.

Parágrafo único - Para o condenado por crime doloso, cometido com violência ou grave ameaça à pessoa, a concessão do livramento ficará também subordinada à constatação de condições pessoais que façam presumir que o liberado não voltará a delinqüir."
"84","Art. 84 As penas que correspondem a infrações diversas devem somar-se para efeito do livramento."
"85","Art. 85 A sentença especificará as condições a que fica subordinado o livramento."
"86","Art. 86 Revoga-se o livramento, se o liberado vem a ser condenado a pena privativa de liberdade, em sentença irrecorrível:

I - por crime cometido durante a vigência do benefício;

II - por crime anterior, observado o disposto no art. 84 deste Código."
"87","Art. 87 O juiz poderá, também, revogar o livramento, se o liberado deixar de cumprir qualquer das obrigações constantes da sentença, ou for irrecorrivelmente condenado, por crime ou contravenção, a pena que não seja privativa de liberdade."
"88","Art. 88 Revogado o livramento, não poderá ser novamente concedido, e, salvo quando a revogação resulta de condenação por outro crime anterior àquele benefício, não se desconta na pena o tempo em que esteve solto o condenado."
"89","Art. 89 O juiz não poderá declarar extinta a pena, enquanto não passar em julgado a sentença em processo a que responde o liberado, por crime cometido na vigência do livramento."
"90","Art. 90 Se até o seu término o livramento não é revogado, considera-se extinta a pena privativa de liberdade."
"91","Art. 91 São efeitos da condenação:

I - tornar certa a obrigação de indenizar o dano causado pelo crime;

II - a perda em favor da União, ressalvado o direito do lesado ou de terceiro de boa-fé:

a) dos instrumentos do crime, desde que consistam em coisas cujo fabrico, alienação, uso, porte ou detenção constitua fato ilícito;

b) do produto do crime ou de qualquer bem ou valor que constitua proveito auferido pelo agente com a prática do fato criminoso.

§ 1 o Poderá ser decretada a perda de bens ou valores equivalentes ao produto ou proveito do crime quando estes não forem encontrados ou quando se localizarem no exterior.

§ 2 o Na hipótese do § 1 o , as medidas assecuratórias previstas na legislação processual poderão abranger bens ou valores equivalentes do investigado ou acusado para posterior decretação de perda."
"91-A","Art. 91 A. Na hipótese de condenação por infrações às quais a lei comine pena máxima superior a 6 anos de reclusão, poderá ser decretada a perda, como produto ou proveito do crime, dos bens correspondentes à diferença entre o valor do patrimônio do condenado e aquele que seja compatível com o seu rendimento lícito.

§ 1º Para efeito da perda prevista no caput deste artigo, entende-se por patrimônio do condenado todos os bens:

I - de sua titularidade, ou em relação aos quais ele tenha o domínio e o benefício direto ou indireto, na data da infração penal ou recebidos posteriormente; e

II - transferidos a terceiros a título gratuito ou mediante contraprestação irrisória, a partir do início da atividade criminal.

§ 2º O condenado poderá demonstrar a inexistência da incompatibilidade ou a procedência lícita do patrimônio.

§ 3º A perda prevista neste artigo deverá ser requerida expressamente pelo Ministério Público, por ocasião do oferecimento da denúncia, com indicação da diferença apurada.

§ 4º Na sentença condenatória, o juiz deve declarar o valor da diferença apurada e especificar os bens cuja perda for decretada.

§ 5º Os instrumentos utilizados para a prática de crimes por organizações criminosas e milícias deverão ser declarados perdidos em favor da União, do Estado ou do Distrito Federal, dependendo da Justiça onde tramita a ação penal, ainda que não ponham em perigo a segurança das pessoas, a moral ou a ordem pública, nem ofereçam sério risco de ser utilizados para o cometimento de novos crimes."
"92","Art. 92 São também efeitos da condenação:

I - a perda de cargo, função pública ou mandato eletivo:

a) quando aplicada pena privativa de liberdade por tempo igual ou superior a um ano, nos crimes praticados com abuso de poder ou violação de dever para com a Administração Pública;

b) quando for aplicada pena privativa de liberdade por tempo superior a 4 anos nos demais casos.

II – a incapacidade para o exercício do poder familiar, da tutela ou da curatela nos crimes dolosos sujeitos à pena de reclusão cometidos contra outrem igualmente titular do mesmo poder familiar, contra filho, filha ou outro descendente, tutelado ou curatelado, bem como nos crimes cometidos contra a mulher por razões da condição do sexo feminino, nos termos do § 1º do art. 121-A deste Código;

III - a inabilitação para dirigir veículo, quando utilizado como meio para a prática de crime doloso.

IV - a suspensão, pelo prazo de 180 dias, da eficácia da inscrição no Cadastro Nacional da Pessoa Jurídica do estabelecimento que, no exercício de atividade comercial ou industrial, for constituída ou utilizada com o fim de permitir, facilitar ou ocultar a prática dos crimes definidos no caput e no § 1º do art. 180 deste Código.

§ 1º Os efeitos de que trata este artigo não são automáticos, devendo ser motivadamente declarados na sentença pelo juiz, mas independem de pedido expresso da acusação, observado o disposto no inciso III do § 2º deste artigo.

§ 2º Ao condenado por crime praticado contra a mulher por razões da condição do sexo feminino, nos termos do § 1º do art. 121-A deste Código serão:

I – aplicados os efeitos previstos nos incisos I e II do caput deste artigo;

II – vedadas a sua nomeação, designação ou diplomação em qualquer cargo, função pública ou mandato eletivo entre o trânsito em julgado da condenação até o efetivo cumprimento da pena;

III – automáticos os efeitos dos incisos I e II do caput e do inciso II do § 2º deste artigo.

§ 3º Em caso de reincidência da conduta prevista no inciso IV do caput deste artigo, a empresa será considerada inidônea e terá sua inscrição no CNPJ considerada inapta, com os efeitos previstos na Lei nº 9.430, de 27 de dezembro de 1996 .

§ 4º Na hipótese da reincidência descrita no § 3º deste artigo, o administrador, direta ou indiretamente responsável pela infração cometida, será interditado para o exercício do comércio pelo período de 5 anos."
"93","Art. 93 A reabilitação alcança quaisquer penas aplicadas em sentença definitiva, assegurando ao condenado o sigilo dos registros sobre o seu processo e condenação.

Parágrafo único - A reabilitação poderá, também, atingir os efeitos da condenação, previstos no art. 92 deste Código, vedada reintegração na situação anterior, nos casos dos incisos I e II do mesmo artigo."
"94","Art. 94 A reabilitação poderá ser requerida, decorridos 2 anos do dia em que for extinta, de qualquer modo, a pena ou terminar sua execução, computando-se o período de prova da suspensão e o do livramento condicional, se não sobrevier revogação, desde que o condenado:

I - tenha tido domicílio no País no prazo acima referido;

II - tenha dado, durante esse tempo, demonstração efetiva e constante de bom comportamento público e privado;

III - tenha ressarcido o dano causado pelo crime ou demonstre a absoluta impossibilidade de o fazer, até o dia do pedido, ou exiba documento que comprove a renúncia da vítima ou novação da dívida.

Parágrafo único - Negada a reabilitação, poderá ser requerida, a qualquer tempo, desde que o pedido seja instruído com novos elementos comprobatórios dos requisitos necessários."
"95","Art. 95 A reabilitação será revogada, de ofício ou a requerimento do Ministério Público, se o reabilitado for condenado, como reincidente, por decisão definitiva, a pena que não seja de multa."
"96","Art. 96. As medidas de segurança são:

I - Internação em hospital de custódia e tratamento psiquiátrico ou, à falta, em outro estabelecimento adequado;

II - sujeição a tratamento ambulatorial.

Parágrafo único - Extinta a punibilidade, não se impõe medida de segurança nem subsiste a que tenha sido imposta."
"97","Art. 97 Se o agente for inimputável, o juiz determinará sua internação. Se, todavia, o fato previsto como crime for punível com detenção, poderá o juiz submetê-lo a tratamento ambulatorial.

Prazo

§ 1 º - A internação, ou tratamento ambulatorial, será por tempo indeterminado, perdurando enquanto não for averiguada, mediante perícia médica, a cessação de periculosidade. O prazo mínimo deverá ser de 1 a 3 anos.

Perícia médica

§ 2º - A perícia médica realizar-se-á ao termo do prazo mínimo fixado e deverá ser repetida de ano em ano, ou a qualquer tempo, se o determinar o juiz da execução.

Desinternação ou liberação condicional

§ 3º - A desinternação, ou a liberação, será sempre condicional devendo ser restabelecida a situação anterior se o agente, antes do decurso de 1 ano, pratica fato indicativo de persistência de sua periculosidade.

§ 4º - Em qualquer fase do tratamento ambulatorial, poderá o juiz determinar a internação do agente, se essa providência for necessária para fins curativos."
"98","Art. 98 Na hipótese do parágrafo único do art. 26 deste Código e necessitando o condenado de especial tratamento curativo, a pena privativa de liberdade pode ser substituída pela internação, ou tratamento ambulatorial, pelo prazo mínimo de 1 a 3 anos, nos termos do artigo anterior e respectivos §§ 1º a 4º."
"99","Art. 99 O internado será recolhido a estabelecimento dotado de características hospitalares e será submetido a tratamento."
"100","Art. 100 A ação penal é pública, salvo quando a lei expressamente a declara privativa do ofendido.

§ 1º - A ação pública é promovida pelo Ministério Público, dependendo, quando a lei o exige, de representação do ofendido ou de requisição do Ministro da Justiça.

§ 2º - A ação de iniciativa privada é promovida mediante queixa do ofendido ou de quem tenha qualidade para representá-lo.

§ 3º - A ação de iniciativa privada pode intentar-se nos crimes de ação pública, se o Ministério Público não oferece denúncia no prazo legal.

§ 4º - No caso de morte do ofendido ou de ter sido declarado ausente por decisão judicial, o direito de oferecer queixa ou de prosseguir na ação passa ao cônjuge, ascendente, descendente ou irmão."
"101","Art. 101 Quando a lei considera como elemento ou circunstâncias do tipo legal fatos que, por si mesmos, constituem crimes, cabe ação pública em relação àquele, desde que, em relação a qualquer destes, se deva proceder por iniciativa do Ministério Público."
"102","Art. 102 A representação será irretratável depois de oferecida a denúncia."
"103","Art. 103 Salvo disposição expressa em contrário, o ofendido decai do direito de queixa ou de representação se não o exerce dentro do prazo de 6 meses, contado do dia em que veio a saber quem é o autor do crime, ou, no caso do § 3º do art. 100 deste Código, do dia em que se esgota o prazo para oferecimento da denúncia.

Renúncia expressa ou tácita do direito de queixa

Parágrafo único. Nos crimes praticados no âmbito de violência doméstica e familiar contra a mulher, a ofendida decai do direito de queixa ou de representação se não o exerce no prazo de 12 meses, contado do dia em que veio a saber quem é o autor do crime, ou, no caso do § 3º do art. 100 deste Código, do dia em que se esgota o prazo para oferecimento da denúncia."
"104","Art. 104 O direito de queixa não pode ser exercido quando renunciado expressa ou tacitamente.

Parágrafo único - Importa renúncia tácita ao direito de queixa a prática de ato incompatível com a vontade de exercê-lo; não a implica, todavia, o fato de receber o ofendido a indenização do dano causado pelo crime."
"105","Art. 105 O perdão do ofendido, nos crimes em que somente se procede mediante queixa, obsta ao prosseguimento da ação."
"106","Art. 106 O perdão, no processo ou fora dele, expresso ou tácito:

I - se concedido a qualquer dos querelados, a todos aproveita;

II - se concedido por um dos ofendidos, não prejudica o direito dos outros;

III - se o querelado o recusa, não produz efeito.

§ 1º - Perdão tácito é o que resulta da prática de ato incompatível com a vontade de prosseguir na ação.

§ 2º - Não é admissível o perdão depois que passa em julgado a sentença condenatória."
"108","Art. 108 A extinção da punibilidade de crime que é pressuposto, elemento constitutivo ou circunstância agravante de outro não se estende a este. Nos crimes conexos, a extinção da punibilidade de um deles não impede, quanto aos outros, a agravação da pena resultante da conexão."
"109","Art. 109. A prescrição, antes de transitar em julgado a sentença final, salvo o disposto no § 1 o do art. 110 deste Código, regula-se pelo máximo da pena privativa de liberdade cominada ao crime, verificando-se:.

I - em vinte anos, se o máximo da pena é superior a doze;

II - em dezesseis anos, se o máximo da pena é superior a oito anos e não excede a doze;

III - em doze anos, se o máximo da pena é superior a quatro anos e não excede a oito;

IV - em oito anos, se o máximo da pena é superior a dois anos e não excede a quatro;

V - em quatro anos, se o máximo da pena é igual a um ano ou, sendo superior, não excede a dois;

VI - em 3 anos, se o máximo da pena é inferior a 1 ano..

Prescrição das penas restritivas de direito

Parágrafo único - Aplicam-se às penas restritivas de direito os mesmos prazos previstos para as privativas de liberdade."
"110","Art. 110 A prescrição depois de transitar em julgado a sentença condenatória regula-se pela pena aplicada e verifica-se nos prazos fixados no artigo anterior, os quais se aumentam de um terço, se o condenado é reincidente.

§ 1 o A prescrição, depois da sentença condenatória com trânsito em julgado para a acusação ou depois de improvido seu recurso, regula-se pela pena aplicada, não podendo, em nenhuma hipótese, ter por termo inicial data anterior à da denúncia ou queixa..

§ 2 o."
"111","Art. 111 A prescrição, antes de transitar em julgado a sentença final, começa a correr:

I - do dia em que o crime se consumou;

II - no caso de tentativa, do dia em que cessou a atividade criminosa;

III - nos crimes permanentes, do dia em que cessou a permanência;

IV - nos de bigamia e nos de falsificação ou alteração de assentamento do registro civil, da data em que o fato se tornou conhecido.

V - nos crimes contra a dignidade sexual ou que envolvam violência contra a criança e o adolescente, previstos neste Código ou em legislação especial, da data em que a vítima completar 18 anos, salvo se a esse tempo já houver sido proposta a ação penal. Vigência"
"112","Art. 112 No caso do art. 110 deste Código, a prescrição começa a correr:

I - do dia em que transita em julgado a sentença condenatória, para a acusação, ou a que revoga a suspensão condicional da pena ou o livramento condicional;

II - do dia em que se interrompe a execução, salvo quando o tempo da interrupção deva computar-se na pena."
"113","Art. 113 No caso de evadir-se o condenado ou de revogar-se o livramento condicional, a prescrição é regulada pelo tempo que resta da pena."
"114","Art. 114 A prescrição da pena de multa ocorrerá:

I - em 2 anos, quando a multa for a única cominada ou aplicada;

II - no mesmo prazo estabelecido para prescrição da pena privativa de liberdade, quando a multa for alternativa ou cumulativamente cominada ou cumulativamente aplicada."
"115","Art. 115. São reduzidos de metade os prazos de prescrição quando o criminoso era, ao tempo do crime, menor de 21 anos ou, na data da sentença, maior de 70 anos, salvo se o crime envolver violência sexual contra a mulher."
"116","Art. 116 Antes de passar em julgado a sentença final, a prescrição não corre:

I - enquanto não resolvida, em outro processo, questão de que dependa o reconhecimento da existência do crime;

II - enquanto o agente cumpre pena no exterior;

III - na pendência de embargos de declaração ou de recursos aos Tribunais Superiores, quando inadmissíveis; e

IV - enquanto não cumprido ou não rescindido o acordo de não persecução penal.

Parágrafo único - Depois de passada em julgado a sentença condenatória, a prescrição não corre durante o tempo em que o condenado está preso por outro motivo."
"117","Art. 117 O curso da prescrição interrompe-se:

I - pelo recebimento da denúncia ou da queixa;

II - pela pronúncia;

III - pela decisão confirmatória da pronúncia;

IV - pela publicação da sentença ou acórdão condenatórios recorríveis;.

V - pelo início ou continuação do cumprimento da pena;

VI - pela reincidência.

§ 1º - Excetuados os casos dos incisos V e VI deste artigo, a interrupção da prescrição produz efeitos relativamente a todos os autores do crime. Nos crimes conexos, que sejam objeto do mesmo processo, estende-se aos demais a interrupção relativa a qualquer deles.

§ 2º - Interrompida a prescrição, salvo a hipótese do inciso V deste artigo, todo o prazo começa a correr, novamente, do dia da interrupção."
"118","Art. 118 As penas mais leves prescrevem com as mais graves."
"119","Art. 119 No caso de concurso de crimes, a extinção da punibilidade incidirá sobre a pena de cada um, isoladamente."
"120","Art. 120 A sentença que conceder perdão judicial não será considerada para efeitos de reincidência."
"121","Art. 121. Matar alguem:

Pena - reclusão, de seis a vinte anos.

Caso de diminuição de pena

§ 1º Se o agente comete o crime impelido por motivo de relevante valor social ou moral, ou sob o domínio de violenta emoção, logo em seguida a injusta provocação da vítima, o juiz pode reduzir a pena de um sexto a um terço.

Homicídio qualificado

§ 2° Se o homicídio é cometido:

I - mediante paga ou promessa de recompensa, ou por outro motivo torpe;

II - por motivo futil;

III - com emprego de veneno, fogo, explosivo, asfixia, tortura ou outro meio insidioso ou cruel, ou de que possa resultar perigo comum;

IV - à traição, de emboscada, ou mediante dissimulação ou outro recurso que dificulte ou torne impossivel a defesa do ofendido;

V - para assegurar a execução, a ocultação, a impunidade ou vantagem de outro crime:

Pena - reclusão, de doze a trinta anos.

Feminicídio

VI -

VII – contra:

a) autoridade ou agente descrito nos arts. 142 e 144 da Constituição Federal , integrantes do sistema prisional e da Força Nacional de Segurança Pública, no exercício da função ou em decorrência dela, ou contra seu cônjuge, companheiro ou parente consanguíneo até o terceiro grau, em razão dessa condição;

b) membro do Poder Judiciário, do Ministério Público, da Defensoria Pública ou da Advocacia Pública, de que tratam os arts. 131 e 132 da Constituição Federal , ou oficial de justiça, no exercício da função ou em decorrência dela, ou contra seu cônjuge, companheiro ou parente, inclusive por afinidade, até o terceiro grau, em razão dessa condição;

VIII - com emprego de arma de fogo de uso restrito ou proibido:

Homicídio contra menor de 14 anos Vigência

IX - contra menor de 14 anos: Vigência

X - nas dependências de instituição de ensino:

Pena - reclusão, de doze a trinta anos.

§ 2 o -A

§ 2º-B. A pena do homicídio contra menor de 14 anos é aumentada de: Vigência

I - 1/3 até a metade se a vítima é pessoa com deficiência ou com doença que implique o aumento de sua vulnerabilidade; Vigência

II - 2/3 se o autor é ascendente, padrasto ou madrasta, tio, irmão, cônjuge, companheiro, tutor, curador, preceptor ou empregador da vítima ou por qualquer outro título tiver autoridade sobre ela. Vigência

III - 2/3 se o crime for praticado em instituição de educação básica pública ou privada.

§ 2º-C. A pena do homicídio cometido nas dependências de instituição de ensino é aumentada de:

I - 1/3 até a metade se a vítima é pessoa com deficiência ou com doença que acarrete condição limitante ou de vulnerabilidade física ou mental;

II - 2/3 se o autor é ascendente, padrasto ou madrasta, tio, irmão, cônjuge, companheiro, tutor, curador, preceptor ou empregador da vítima ou por qualquer outro título tem autoridade sobre ela ou, ainda, se é professor ou funcionário da instituição de ensino.

§ 2º-D. Se o homicídio doloso é cometido por integrante de organização criminosa ultraviolenta, grupo paramilitar ou milícia privada, no contexto da atuação ou para a consecução das condutas previstas no art. 2º da lei que institui o marco legal do combate ao crime organizado no Brasil.

Pena - reclusão, de 20 a 40.

Homicídio culposo

§ 3º Se o homicídio é culposo:

Pena - detenção, de um a três anos.

Aumento de pena

§ 4 o No homicídio culposo, a pena é aumentada de 1/3, se o crime resulta de inobservância de regra técnica de profissão, arte ou ofício, ou se o agente deixa de prestar imediato socorro à vítima, não procura diminuir as conseqüências do seu ato, ou foge para evitar prisão em flagrante. Sendo doloso o homicídio, a pena é aumentada de 1/3 se o crime é praticado contra pessoa menor de 14 ou maior de 60 anos.

§ 5º - Na hipótese de homicídio culposo, o juiz poderá deixar de aplicar a pena, se as conseqüências da infração atingirem o próprio agente de forma tão grave que a sanção penal se torne desnecessária.

§ 6 o A pena é aumentada de 1/3 até a metade se o crime for praticado por milícia privada, sob o pretexto de prestação de serviço de segurança, ou por grupo de extermínio.

§ 7 o"
"121-A","Art. 121 A. Matar mulher por razões da condição do sexo feminino:

Pena – reclusão, de 20 a 40 anos.

§ 1º Considera-se que há razões da condição do sexo feminino quando o crime envolve:

I – violência doméstica e familiar;

II – menosprezo ou discriminação à condição de mulher.

§ 2º A pena do feminicídio é aumentada de 1/3 até a metade se o crime é praticado:

I – durante a gestação, nos 3 meses posteriores ao parto ou se a vítima é a mãe ou a responsável por criança, adolescente ou pessoa com deficiência de qualquer idade;

II – contra pessoa menor de 14 anos, maior de 60 anos, com deficiência ou portadora de doenças degenerativas que acarretem condição limitante ou de vulnerabilidade física ou mental;

III – na presença física ou virtual de descendente ou de ascendente da vítima;

IV – em descumprimento das medidas protetivas de urgência previstas nos incisos I , II e III do caput do art. 22 da Lei nº 11.340, de 7 de agosto de 2006;

V – nas circunstâncias previstas nos incisos III, IV e VIII do § 2º do art. 121 deste Código.

Coautoria

§ 3º Comunicam-se ao coautor ou partícipe as circunstâncias pessoais elementares do crime previstas no § 1º deste artigo."
"121-B","Art. 121 B. Matar descendente, ascendente, dependente, enteado ou pessoa sob guarda ou responsabilidade direta da mulher, com o fim específico de causar-lhe sofrimento, punição ou controle, no contexto de violência doméstica e familiar.

Pena – reclusão, de 20 a 40 anos.

Parágrafo único. A pena do vicaricídio é aumentada de 1/3 até a metade se o crime for praticado:

I – na presença da mulher a quem se pretende causar sofrimento, punição ou controle;

II – contra criança ou adolescente ou pessoa idosa ou com deficiência;

III – em descumprimento de medida protetiva de urgência."
"122","Art. 122. Induzir ou instigar alguém a suicidar-se ou a praticar automutilação ou prestar-lhe auxílio material para que o faça:

Pena - reclusão, de 6 meses a 2 anos.

§ 1º Se da automutilação ou da tentativa de suicídio resulta lesão corporal de natureza grave ou gravíssima, nos termos dos §§ 1º e 2º do art. 129 deste Código:

Pena - reclusão, de 1 a 3 anos.

§ 2º Se o suicídio se consuma ou se da automutilação resulta morte:

Pena - reclusão, de 2 a 6 anos.

§ 3º A pena é duplicada:

I - se o crime é praticado por motivo egoístico, torpe ou fútil;

II - se a vítima é menor ou tem diminuída, por qualquer causa, a capacidade de resistência.

§ 4º A pena é aumentada até o dobro se a conduta é realizada por meio da rede de computadores, de rede social ou transmitida em tempo real.

§ 5º Aplica-se a pena em dobro se o autor é líder, coordenador ou administrador de grupo, de comunidade ou de rede virtual, ou por estes é responsável.

§ 6º Se o crime de que trata o § 1º deste artigo resulta em lesão corporal de natureza gravíssima e é cometido contra menor de 14 anos ou contra quem, por enfermidade ou deficiência mental, não tem o necessário discernimento para a prática do ato, ou que, por qualquer outra causa, não pode oferecer resistência, responde o agente pelo crime descrito no § 2º do art. 129 deste Código.

§ 7º Se o crime de que trata o § 2º deste artigo é cometido contra menor de 14 anos ou contra quem não tem o necessário discernimento para a prática do ato, ou que, por qualquer outra causa, não pode oferecer resistência, responde o agente pelo crime de homicídio, nos termos do art. 121 deste Código."
"123","Art. 123 Matar, sob a influência do estado puerperal, o próprio filho, durante o parto ou logo após:

Pena - detenção, de dois a seis anos."
"124","Art. 124 Provocar aborto em si mesma ou consentir que outrem lho provoque:

Pena - detenção, de um a três anos."
"125","Art. 125 Provocar aborto, sem o consentimento da gestante:"
"126","Art. 126 Provocar aborto com o consentimento da gestante:

Pena - reclusão, de um a quatro anos.

Parágrafo único. Aplica-se a pena do artigo anterior, se a gestante não é maior de quatorze anos, ou é alienada ou debil mental, ou se o consentimento é obtido mediante fraude, grave ameaça ou violência"
"127","Art. 127 As penas cominadas nos dois artigos anteriores são aumentadas de um terço, se, em conseqüência do aborto ou dos meios empregados para provocá-lo, a gestante sofre lesão corporal de natureza grave; e são duplicadas, se, por qualquer dessas causas, lhe sobrevém a morte."
"128","Art. 128 Não se pune o aborto praticado por médico:

Aborto necessário

I - se não há outro meio de salvar a vida da gestante;

Aborto no caso de gravidez resultante de estupro

II - se a gravidez resulta de estupro e o aborto é precedido de consentimento da gestante ou, quando incapaz, de seu representante legal."
"129","Art. 129. Ofender a integridade corporal ou a saúde de outrem:

Pena - detenção, de três meses a um ano.

Lesão corporal de natureza grave

§ 1º Se resulta:

I - Incapacidade para as ocupações habituais, por mais de trinta dias;

II - perigo de vida;

III - debilidade permanente de membro, sentido ou função;

IV - aceleração de parto:

Pena - reclusão, de um a cinco anos.

§ 2° Se resulta:

I - Incapacidade permanente para o trabalho;

II - enfermidade incuravel;

III perda ou inutilização do membro, sentido ou função;

IV - deformidade permanente;

V - aborto:

Pena - reclusão, de dois a oito anos.

Lesão corporal seguida de morte

§ 3° Se resulta morte e as circunstâncias evidenciam que o agente não quís o resultado, nem assumiu o risco de produzí-lo:

Pena - reclusão, de quatro a doze anos.

§ 3º-A. No crime previsto no § 3º deste artigo, se cometido no contexto da atuação ou para a consecução das condutas previstas no art. 2º da lei que institui o marco legal do combate ao crime organizado no Brasil:

Pena - reclusão, de 20 a 40 anos.

Diminuição de pena

§ 4° Se o agente comete o crime impelido por motivo de relevante valor social ou moral ou sob o domínio de violenta emoção, logo em seguida a injusta provocação da vítima, o juiz pode reduzir a pena de um sexto a um terço.

Substituição da pena

§ 5° O juiz, não sendo graves as lesões, pode ainda substituir a pena de detenção pela de multa, de duzentos mil réis a dois contos de réis:

I - se ocorre qualquer das hipóteses do parágrafo anterior;

II - se as lesões são recíprocas.

Lesão corporal culposa

§ 6° Se a lesão é culposa:

Pena - detenção, de dois meses a um ano.

Aumento de pena

§ 7 o Aumenta-se a pena de 1/3 se ocorrer qualquer das hipóteses dos §§ 4 o e 6 o do art. 121 deste Código.

§ 8º - Aplica-se à lesão culposa o disposto no § 5º do art. 121.

§ 8º-A. Com exceção do disposto no § 3º-A deste artigo, aumenta-se a pena em 2/3 se a lesão é praticada por integrante de organização criminosa ultraviolenta, grupo paramilitar ou milícia privada, no contexto da atuação ou para a consecução das condutas previstas no art. 2º da lei que institui o marco legal do combate ao crime organizado no Brasil.

Violência Doméstica

§ 9º Se a lesão for praticada contra ascendente, descendente, irmão, cônjuge ou companheiro, pessoa com relação de trabalho doméstico ou com quem conviva ou tenha convivido, ou, ainda, prevalecendo-se o agente das relações domésticas, de trabalho doméstico, de coabitação ou de hospitalidade:

Pena – reclusão, de 2 a 5 anos.

§ 10. Nos casos previstos nos §§ 1 o a 3 o deste artigo, se as circunstâncias são as indicadas no § 9 o deste artigo, aumenta-se a pena em 1/3.

§ 11. Na hipótese do § 9 o deste artigo, a pena será aumentada de um terço se o crime for cometido contra pessoa portadora de deficiência.

§ 12. Aumenta-se a pena de:

I - 1/3 a 2/3 se a lesão dolosa for praticada:

a) contra autoridade ou agente descrito nos arts. 142 e 144 da Constituição Federal ou integrantes do sistema prisional ou da Força Nacional de Segurança Pública, no exercício da função ou em decorrência dela, ou contra seu cônjuge, companheiro ou parente consanguíneo até terceiro grau, em razão dessa condição;

b) contra membro do Poder Judiciário, do Ministério Público, da Defensoria Pública ou da Advocacia Pública, de que tratam os arts. 131 e 132 da Constituição Federal, ou oficial de justiça, no exercício da função ou em decorrência dela, ou contra seu cônjuge, companheiro ou parente, inclusive por afinidade, até o terceiro grau, em razão dessa condição; ou

c) nas dependências de instituição de ensino;

II - 2/3 ao dobro se a lesão dolosa for praticada nas dependências de instituição de ensino e:

a) a vítima for pessoa com deficiência ou com doença que acarrete condição limitante ou de vulnerabilidade física ou mental; ou

b) o autor for ascendente, padrasto ou madrasta, tio, irmão, cônjuge, companheiro, tutor, curador, preceptor ou empregador da vítima ou por qualquer outro título tiver autoridade sobre ela ou, ainda, for professor ou funcionário da instituição de ensino.

§ 13. Se a lesão é praticada contra a mulher, por razões da condição do sexo feminino, nos termos do § 1º do art. 121-A deste Código:

Pena – reclusão, de 2 a 5 anos. CAPÍTULO III DA PERICLITAÇÃO DA VIDA E DA SAÚDE"
"130","Art. 130 Expor alguém, por meio de relações sexuais ou qualquer ato libidinoso, a contágio de moléstia venérea, de que sabe ou deve saber que está contaminado:

Pena - detenção, de três meses a um ano, ou multa.

§ 1º - Se é intenção do agente transmitir a moléstia:

Pena - reclusão, de um a quatro anos, e multa.

§ 2º - Somente se procede mediante representação."
"131","Art. 131 Praticar, com o fim de transmitir a outrem moléstia grave de que está contaminado, ato capaz de produzir o contágio:

Pena - reclusão, de um a quatro anos, e multa."
"132","Art. 132 Expor a vida ou a saúde de outrem a perigo direto e iminente:

Pena - detenção, de três meses a um ano, se o fato não constitui crime mais grave.

Parágrafo único. A pena é aumentada de um sexto a um terço se a exposição da vida ou da saúde de outrem a perigo decorre do transporte de pessoas para a prestação de serviços em estabelecimentos de qualquer natureza, em desacordo com as normas legais."
"133","Art. 133 Abandonar pessoa que está sob seu cuidado, guarda, vigilância ou autoridade, e, por qualquer motivo, incapaz de defender-se dos riscos resultantes do abandono:

Pena - reclusão, de 2 a 5 anos.

§ 1º - Se do abandono resulta lesão corporal de natureza grave:

Pena - reclusão, de 3 a 7 anos.

§ 2º - Se resulta a morte:

Pena - reclusão, de 8 a 14 anos.

Aumento de pena

§ 3º - As penas cominadas neste artigo aumentam-se de um terço:

I - se o abandono ocorre em lugar ermo;

II - se o agente é ascendente ou descendente, cônjuge, irmão, tutor ou curador da vítima.

III – se a vítima é maior de 60 anos"
"134","Art. 134 Expor ou abandonar recém-nascido, para ocultar desonra própria:

Pena - detenção, de seis meses a dois anos.

§ 1º - Se do fato resulta lesão corporal de natureza grave:

Pena - detenção, de um a três anos.

§ 2º - Se resulta a morte:

Pena - detenção, de dois a seis anos."
"135","Art. 135 Deixar de prestar assistência, quando possível fazê-lo sem risco pessoal, à criança abandonada ou extraviada, ou à pessoa inválida ou ferida, ao desamparo ou em grave e iminente perigo; ou não pedir, nesses casos, o socorro da autoridade pública:

Pena - detenção, de um a seis meses, ou multa.

Parágrafo único - A pena é aumentada de metade, se da omissão resulta lesão corporal de natureza grave, e triplicada, se resulta a morte."
"135-A","Art. 135 A. Exigir cheque-caução, nota promissória ou qualquer garantia, bem como o preenchimento prévio de formulários administrativos, como condição para o atendimento médico-hospitalar emergencial:.

Pena - detenção, de 3 meses a 1 ano, e multa..

Parágrafo único. A pena é aumentada até o dobro se da negativa de atendimento resulta lesão corporal de natureza grave, e até o triplo se resulta a morte.."
"136","Art. 136 Expor a perigo a vida ou a saúde de pessoa sob sua autoridade, guarda ou vigilância, para fim de educação, ensino, tratamento ou custódia, quer privando-a de alimentação ou cuidados indispensáveis, quer sujeitando-a a trabalho excessivo ou inadequado, quer abusando de meios de correção ou disciplina:

Pena - reclusão, de 2 a 5 anos.

§ 1º - Se do fato resulta lesão corporal de natureza grave:

Pena - reclusão, de 3 a 7 anos.

§ 2º - Se resulta a morte:

Pena - reclusão, de 8 a 14 anos.

§ 3º - Aumenta-se a pena de um terço, se o crime é praticado contra pessoa menor de 14 anos."
"137","Art. 137 Participar de rixa, salvo para separar os contendores:

Pena - detenção, de quinze dias a dois meses, ou multa.

Parágrafo único - Se ocorre morte ou lesão corporal de natureza grave, aplica-se, pelo fato da participação na rixa, a pena de detenção, de seis meses a dois anos."
"138","Art. 138 Caluniar alguém, imputando-lhe falsamente fato definido como crime:

Pena - detenção, de seis meses a dois anos, e multa.

§ 1º - Na mesma pena incorre quem, sabendo falsa a imputação, a propala ou divulga.

§ 2º - É punível a calúnia contra os mortos.

Exceção da verdade

§ 3º - Admite-se a prova da verdade, salvo:

I - se, constituindo o fato imputado crime de ação privada, o ofendido não foi condenado por sentença irrecorrível;

II - se o fato é imputado a qualquer das pessoas indicadas no nº I do art. 141;

III - se do crime imputado, embora de ação pública, o ofendido foi absolvido por sentença irrecorrível."
"139","Art. 139 Difamar alguém, imputando-lhe fato ofensivo à sua reputação:

Pena - detenção, de três meses a um ano, e multa.

Exceção da verdade

Parágrafo único - A exceção da verdade somente se admite se o ofendido é funcionário público e a ofensa é relativa ao exercício de suas funções."
"140","Art. 140 Injuriar alguém, ofendendo-lhe a dignidade ou o decoro:

Pena - detenção, de um a seis meses, ou multa.

§ 1º - O juiz pode deixar de aplicar a pena:

I - quando o ofendido, de forma reprovável, provocou diretamente a injúria;

II - no caso de retorsão imediata, que consista em outra injúria.

§ 2º - Se a injúria consiste em violência ou vias de fato, que, por sua natureza ou pelo meio empregado, se considerem aviltantes:

Pena - detenção, de três meses a um ano, e multa, além da pena correspondente à violência.

§ 3º Se a injúria consiste na utilização de elementos referentes a religião ou à condição de pessoa idosa ou com deficiência:

Pena - reclusão, de 1 a 3 anos, e multa."
"141","Art. 141 As penas cominadas neste Capítulo aumentam-se de um terço, se qualquer dos crimes é cometido:

I - contra o Presidente da República, ou contra chefe de governo estrangeiro;

II - contra funcionário público, em razão de suas funções, ou contra os Presidentes do Senado Federal, da Câmara dos Deputados ou do Supremo Tribunal Federal;

III - na presença de várias pessoas, ou por meio que facilite a divulgação da calúnia, da difamação ou da injúria.

IV - contra criança, adolescente, pessoa maior de 60 anos ou pessoa com deficiência, exceto na hipótese prevista no § 3º do art. 140 deste Código. Vigência

§ 1º - Se o crime é cometido mediante paga ou promessa de recompensa, aplica-se a pena em dobro.

§ 2º Se o crime é cometido ou divulgado em quaisquer modalidades das redes sociais da rede mundial de computadores, aplica-se em triplo a pena.

§ 3º Se o crime é cometido contra a mulher por razões da condição do sexo feminino, nos termos do § 1º do art. 121-A deste Código, aplica-se a pena em dobro."
"142","Art. 142 Não constituem injúria ou difamação punível:

I - a ofensa irrogada em juízo, na discussão da causa, pela parte ou por seu procurador;

II - a opinião desfavorável da crítica literária, artística ou científica, salvo quando inequívoca a intenção de injuriar ou difamar;

III - o conceito desfavorável emitido por funcionário público, em apreciação ou informação que preste no cumprimento de dever do ofício.

Parágrafo único - Nos casos dos ns. I e III, responde pela injúria ou pela difamação quem lhe dá publicidade."
"143","Art. 143 O querelado que, antes da sentença, se retrata cabalmente da calúnia ou da difamação, fica isento de pena.

Parágrafo único. Nos casos em que o querelado tenha praticado a calúnia ou a difamação utilizando-se de meios de comunicação, a retratação dar-se-á, se assim desejar o ofendido, pelos mesmos meios em que se praticou a ofensa."
"144","Art. 144 Se, de referências, alusões ou frases, se infere calúnia, difamação ou injúria, quem se julga ofendido pode pedir explicações em juízo. Aquele que se recusa a dá-las ou, a critério do juiz, não as dá satisfatórias, responde pela ofensa."
"145","Art. 145 Nos crimes previstos neste Capítulo somente se procede mediante queixa, salvo quando, no caso do art. 140, § 2º, da violência resulta lesão corporal.

Parágrafo único. Procede-se mediante requisição do Ministro da Justiça, no caso do inciso I do caput do art. 141 deste Código, e mediante representação do ofendido, no caso do inciso II do mesmo artigo, bem como no caso do § 3 o do art. 140 deste Código."
"146","Art. 146 Constranger alguém, mediante violência ou grave ameaça, ou depois de lhe haver reduzido, por qualquer outro meio, a capacidade de resistência, a não fazer o que a lei permite, ou a fazer o que ela não manda:

Pena - detenção, de três meses a um ano, ou multa.

Aumento de pena

§ 1º - As penas aplicam-se cumulativamente e em dobro, quando, para a execução do crime, se reúnem mais de três pessoas, ou há emprego de armas.

§ 2º - Além das penas cominadas, aplicam-se as correspondentes à violência.

§ 3º - Não se compreendem na disposição deste artigo:

I - a intervenção médica ou cirúrgica, sem o consentimento do paciente ou de seu representante legal, se justificada por iminente perigo de vida;

II - a coação exercida para impedir suicídio."
"146-A","Art. 146 A. Intimidar sistematicamente, individualmente ou em grupo, mediante violência física ou psicológica, uma ou mais pessoas, de modo intencional e repetitivo, sem motivação evidente, por meio de atos de intimidação, de humilhação ou de discriminação ou de ações verbais, morais, sexuais, sociais, psicológicas, físicas, materiais ou virtuais:

Pena - multa, se a conduta não constituir crime mais grave.

Intimidação sistemática virtual

Parágrafo único. Se a conduta é realizada por meio da rede de computadores, de rede social, de aplicativos, de jogos on-line ou por qualquer outro meio ou ambiente digital, ou transmitida em tempo real:

Pena - reclusão, de 2 anos a 4 anos, e multa, se a conduta não constituir crime mais grave."
"147","Art. 147 Ameaçar alguém, por palavra, escrito ou gesto, ou qualquer outro meio simbólico, de causar-lhe mal injusto e grave:

Pena - detenção, de um a seis meses, ou multa.

§ 1º Se o crime é cometido contra a mulher por razões da condição do sexo feminino, nos termos do § 1º do art. 121-A deste Código, aplica-se a pena em dobro.

§ 2º Somente se procede mediante representação, exceto na hipótese prevista no § 1º deste artigo."
"147-B","Art. 147-B Causar dano emocional à mulher que a prejudique e perturbe seu pleno desenvolvimento ou que vise a degradar ou a controlar suas ações, comportamentos, crenças e decisões, mediante ameaça, constrangimento, humilhação, manipulação, isolamento, chantagem, ridicularização, limitação do direito de ir e vir ou qualquer outro meio que cause prejuízo à sua saúde psicológica e autodeterminação: Pena - reclusão, de 6 meses a 2 anos, e multa, se a conduta não constitui crime mais grave.
Parágrafo único. A pena é aumentada de metade se o crime é cometido mediante uso de inteligência artificial ou de qualquer outro recurso tecnológico que altere imagem ou som da vítima."
"147-C","Art. 147-C Ameaçar alguém, por palavra, escrito ou gesto, ou qualquer outro meio simbólico, de causar-lhe mal injusto e grave, no contexto da atuação ou para a consecução das condutas previstas no art. 2º da lei que institui o marco legal do combate ao crime organizado no Brasil: Pena - reclusão, de 1 a 3 anos. Seqüestro e cárcere privado"
"147-A","Art. 147 A. Perseguir alguém, reiteradamente e por qualquer meio, ameaçando-lhe a integridade física ou psicológica, restringindo-lhe a capacidade de locomoção ou, de qualquer forma, invadindo ou perturbando sua esfera de liberdade ou privacidade.

Pena – reclusão, de 6 meses a 2 anos, e multa.

§ 1º A pena é aumentada de metade se o crime é cometido:

I – contra criança, adolescente ou idoso;

II – contra mulher por razões da condição de sexo feminino, nos termos do § 2º-A do art. 121 deste Código;

III – mediante concurso de 2 ou mais pessoas ou com o emprego de arma.

§ 2º As penas deste artigo são aplicáveis sem prejuízo das correspondentes à violência.

§ 3º Somente se procede mediante representação. Violência psicológica contra a mulher Art. 147-B. Causar dano emocional à mulher que a prejudique e perturbe seu pleno desenvolvimento ou que vise a degradar ou a controlar suas ações, comportamentos, crenças e decisões, mediante ameaça, constrangimento, humilhação, manipulação, isolamento, chantagem, ridicularização, limitação do direito de ir e vir ou qualquer outro meio que cause prejuízo à sua saúde psicológica e autodeterminação: Pena - reclusão, de 6 meses a 2 anos, e multa, se a conduta não constitui crime mais grave. Parágrafo único. A pena é aumentada de metade se o crime é cometido mediante uso de inteligência artificial ou de qualquer outro recurso tecnológico que altere imagem ou som da vítima. Art. 147-C. Ameaçar alguém, por palavra, escrito ou gesto, ou qualquer outro meio simbólico, de causar-lhe mal injusto e grave, no contexto da atuação ou para a consecução das condutas previstas no art. 2º da lei que institui o marco legal do combate ao crime organizado no Brasil:

Pena - reclusão, de 1 a 3 anos."
"148","Art. 148 Privar alguém de sua liberdade, mediante seqüestro ou cárcere privado:

Pena - reclusão, de um a três anos.

§ 1º - A pena é de reclusão, de dois a cinco anos:

I – se a vítima é ascendente, descendente, cônjuge ou companheiro do agente ou maior de 60 anos;

II - se o crime é praticado mediante internação da vítima em casa de saúde ou hospital;

III - se a privação da liberdade dura mais de quinze dias.

IV – se o crime é praticado contra menor de 18 anos;

V – se o crime é praticado com fins libidinosos.

§ 2º - Se resulta à vítima, em razão de maus-tratos ou da natureza da detenção, grave sofrimento físico ou moral:

Pena - reclusão, de dois a oito anos.

§ 3º Se cometido por integrante de organização criminosa ultraviolenta, grupo paramilitar ou milícia privada, no contexto da atuação ou para a consecução das condutas previstas no art. 2º da lei que institui o marco legal do combate ao crime organizado no Brasil:

Pena - reclusão, de 12 a 20 anos."
"149","Art. 149. Reduzir alguém a condição análoga à de escravo, quer submetendo-o a trabalhos forçados ou a jornada exaustiva, quer sujeitando-o a condições degradantes de trabalho, quer restringindo, por qualquer meio, sua locomoção em razão de dívida contraída com o empregador ou preposto:

Pena - reclusão, de dois a oito anos, e multa, além da pena correspondente à violência.

§ 1 o Nas mesmas penas incorre quem:

I – cerceia o uso de qualquer meio de transporte por parte do trabalhador, com o fim de retê-lo no local de trabalho;

II – mantém vigilância ostensiva no local de trabalho ou se apodera de documentos ou objetos pessoais do trabalhador, com o fim de retê-lo no local de trabalho.

§ 2 o A pena é aumentada de metade, se o crime é cometido:

I – contra criança ou adolescente;

II – por motivo de preconceito de raça, cor, etnia, religião ou origem."
"149-A","Art. 149 A. Agenciar, aliciar, recrutar, transportar, transferir, comprar, alojar ou acolher pessoa, mediante grave ameaça, violência, coação, fraude ou abuso, com a finalidade de:

I - remover-lhe órgãos, tecidos ou partes do corpo;

II - submetê-la a trabalho em condições análogas à de escravo;

III - submetê-la a qualquer tipo de servidão;

IV - adoção ilegal; ou

V - exploração sexual.

Pena - reclusão, de 4 a 8 anos, e multa.

§ 1 o A pena é aumentada de um terço até a metade se:

I - o crime for cometido por funcionário público no exercício de suas funções ou a pretexto de exercê-las;

II - o crime for cometido contra criança, adolescente ou pessoa idosa ou com deficiência;

III - o agente se prevalecer de relações de parentesco, domésticas, de coabitação, de hospitalidade, de dependência econômica, de autoridade ou de superioridade hierárquica inerente ao exercício de emprego, cargo ou função; ou

IV - a vítima do tráfico de pessoas for retirada do território nacional.

§ 2 o A pena é reduzida de um a dois terços se o agente for primário e não integrar organização criminosa."
"150","Art. 150 Entrar ou permanecer, clandestina ou astuciosamente, ou contra a vontade expressa ou tácita de quem de direito, em casa alheia ou em suas dependências:

Pena - detenção, de um a três meses, ou multa.

§ 1º - Se o crime é cometido durante a noite, ou em lugar ermo, ou com o emprego de violência ou de arma, ou por duas ou mais pessoas:

Pena - detenção, de seis meses a dois anos, além da pena correspondente à violência.

§ 2º -

§ 3º - Não constitui crime a entrada ou permanência em casa alheia ou em suas dependências:

I - durante o dia, com observância das formalidades legais, para efetuar prisão ou outra diligência;

II - a qualquer hora do dia ou da noite, quando algum crime está sendo ali praticado ou na iminência de o ser.

§ 4º - A expressão ""casa"" compreende:

I - qualquer compartimento habitado;

II - aposento ocupado de habitação coletiva;

III - compartimento não aberto ao público, onde alguém exerce profissão ou atividade.

§ 5º - Não se compreendem na expressão ""casa"":

I - hospedaria, estalagem ou qualquer outra habitação coletiva, enquanto aberta, salvo a restrição do n.º II do parágrafo anterior;

II - taverna, casa de jogo e outras do mesmo gênero."
"151","Art. 151 Devassar indevidamente o conteúdo de correspondência fechada, dirigida a outrem:

Pena - detenção, de um a seis meses, ou multa.

Sonegação ou destruição de correspondência

§ 1º - Na mesma pena incorre:

I - quem se apossa indevidamente de correspondência alheia, embora não fechada e, no todo ou em parte, a sonega ou destrói;

Violação de comunicação telegráfica, radioelétrica ou telefônica

II - quem indevidamente divulga, transmite a outrem ou utiliza abusivamente comunicação telegráfica ou radioelétrica dirigida a terceiro, ou conversação telefônica entre outras pessoas;

III - quem impede a comunicação ou a conversação referidas no número anterior;

IV - quem instala ou utiliza estação ou aparelho radioelétrico, sem observância de disposição legal.

§ 2º - As penas aumentam-se de metade, se há dano para outrem.

§ 3º - Se o agente comete o crime, com abuso de função em serviço postal, telegráfico, radioelétrico ou telefônico:

Pena - detenção, de um a três anos.

§ 4º - Somente se procede mediante representação, salvo nos casos do § 1º, IV, e do § 3º."
"152","Art. 152 Abusar da condição de sócio ou empregado de estabelecimento comercial ou industrial para, no todo ou em parte, desviar, sonegar, subtrair ou suprimir correspondência, ou revelar a estranho seu conteúdo:

Pena - detenção, de três meses a dois anos.

Parágrafo único - Somente se procede mediante representação."
"153","Art. 153 Divulgar alguém, sem justa causa, conteúdo de documento particular ou de correspondência confidencial, de que é destinatário ou detentor, e cuja divulgação possa produzir dano a outrem:

Pena - detenção, de um a seis meses, ou multa, de trezentos mil réis a dois contos de réis .

§ 1º Somente se procede mediante representação.

§ 1 o -A. Divulgar, sem justa causa, informações sigilosas ou reservadas, assim definidas em lei, contidas ou não nos sistemas de informações ou banco de dados da Administração Pública:

Pena – detenção, de 1 a 4 anos, e multa.

§ 2 o Quando resultar prejuízo para a Administração Pública, a ação penal será incondicionada."
"154","Art. 154 Revelar alguém, sem justa causa, segredo, de que tem ciência em razão de função, ministério, ofício ou profissão, e cuja revelação possa produzir dano a outrem:

Pena - detenção, de três meses a um ano, ou multa de um conto a dez contos de réis.

Parágrafo único - Somente se procede mediante representação."
"154-A","Art. 154 A. Invadir dispositivo informático de uso alheio, conectado ou não à rede de computadores, com o fim de obter, adulterar ou destruir dados ou informações sem autorização expressa ou tácita do usuário do dispositivo ou de instalar vulnerabilidades para obter vantagem ilícita:

Pena – reclusão, de 1 a 4 anos, e multa.

§ 1 o Na mesma pena incorre quem produz, oferece, distribui, vende ou difunde dispositivo ou programa de computador com o intuito de permitir a prática da conduta definida no caput . Vigência

§ 2º Aumenta-se a pena de 1/3 a 2/3 se da invasão resulta prejuízo econômico.

§ 3 o Se da invasão resultar a obtenção de conteúdo de comunicações eletrônicas privadas, segredos comerciais ou industriais, informações sigilosas, assim definidas em lei, ou o controle remoto não autorizado do dispositivo invadido: Vigência

Pena – reclusão, de 2 a 5 anos, e multa.

§ 4 o Na hipótese do § 3 o , aumenta-se a pena de um a dois terços se houver divulgação, comercialização ou transmissão a terceiro, a qualquer título, dos dados ou informações obtidos. Vigência

§ 5 o Aumenta-se a pena de um terço à metade se o crime for praticado contra: Vigência

I - Presidente da República, governadores e prefeitos; Vigência

II - Presidente do Supremo Tribunal Federal; Vigência

III - Presidente da Câmara dos Deputados, do Senado Federal, de Assembleia Legislativa de Estado, da Câmara Legislativa do Distrito Federal ou de Câmara Municipal; ou Vigência

IV - dirigente máximo da administração direta e indireta federal, estadual, municipal ou do Distrito Federal. Vigência"
"154-B","Art. 154 B. Nos crimes definidos no art. 154-A, somente se procede mediante representação, salvo se o crime é cometido contra a administração pública direta ou indireta de qualquer dos Poderes da União, Estados, Distrito Federal ou Municípios ou contra empresas concessionárias de serviços públicos. Vigência"
"155","Art. 155 Subtrair, para si ou para outrem, coisa alheia móvel:

Pena – reclusão, de 1 a 6 anos, e multa.

§ 1º A pena aumenta-se de metade, se o crime é praticado durante o repouso noturno.

§ 2º - Se o criminoso é primário, e é de pequeno valor a coisa furtada, o juiz pode substituir a pena de reclusão pela de detenção, diminuí-la de um a dois terços, ou aplicar somente a pena de multa.

§ 3º - Equipara-se à coisa móvel a energia elétrica ou qualquer outra que tenha valor econômico.

Furto qualificado

§ 4º A pena é de reclusão, de 2 a 8 anos, e multa, se o crime é cometido:

I - com destruição ou rompimento de obstáculo à subtração da coisa;

II - com abuso de confiança, ou mediante fraude, escalada ou destreza;

III - com emprego de chave falsa;

IV - mediante concurso de duas ou mais pessoas.

V – contra quaisquer bens que comprometam o funcionamento de órgãos da União, de Estado, do Distrito Federal ou de Município ou de estabelecimentos públicos ou privados que prestem serviços essenciais.

§ 4º-A A pena é de reclusão de 4 a 10 anos e multa, se houver emprego de explosivo ou de artefato análogo que cause perigo comum.

§ 4º-B. A pena é de reclusão, de 4 a 10 anos, e multa, se o furto mediante fraude é cometido por meio de dispositivo eletrônico ou informático, conectado ou não à rede de computadores, com ou sem a violação de mecanismo de segurança ou a utilização de programa malicioso, ou por qualquer outro meio fraudulento análogo.

§ 4º-C. A pena prevista no § 4º-B deste artigo, considerada a relevância do resultado gravoso:

I – aumenta-se de 1/3 a 2/3, se o crime é praticado mediante a utilização de servidor mantido fora do território nacional;

II – aumenta-se de 1/3 ao dobro, se o crime é praticado contra idoso ou vulnerável.

§ 5º A pena é de reclusão, de 4 a 10 anos, e multa, se a subtração for de veículo automotor que venha a ser transportado para outro Estado ou para o exterior.

§ 6º A pena é de reclusão, de 4 a 10 anos, e multa, se a subtração for:

I – de semovente domesticável de produção, ainda que abatido ou dividido em partes no local da subtração, ou de animal doméstico;

II – de aparelho de telefonia celular, de computador, inclusive portátil ou do tipo prancheta, ou de qualquer dispositivo eletrônico ou informático semelhante.

§ 7º A pena é de reclusão, de 4 a 10 anos, e multa, se a subtração for:

I – de substâncias explosivas ou de acessórios que, conjunta ou isoladamente, possibilitem sua fabricação, montagem ou emprego;

II – de arma de fogo.

§ 8º A pena é de reclusão, de 2 a 8 anos, e multa, se a subtração for de fios, cabos ou equipamentos utilizados para fornecimento ou transmissão de energia elétrica ou de telefonia ou para transferência de dados, bem como equipamentos ou materiais ferroviários ou metroviários, aplicável, em qualquer caso, o disposto no § 2º deste artigo.

§ 9º A pena é de reclusão de 4 a 10 anos e multa, se a subtração, para si ou para outrem, de coisa alheia móvel é cometida por integrante de organização criminosa ultraviolenta, grupo paramilitar ou milícia privada, no contexto da atuação ou para a consecução das condutas previstas no art. 2º da lei que institui o marco legal do combate ao crime organizado no Brasil."
"156","Art. 156 Subtrair o condômino, co-herdeiro ou sócio, para si ou para outrem, a quem legitimamente a detém, a coisa comum:

Pena - detenção, de seis meses a dois anos, ou multa.

§ 1º - Somente se procede mediante representação.

§ 2º - Não é punível a subtração de coisa comum fungível, cujo valor não excede a quota a que tem direito o agente."
"157","Art. 157 Subtrair coisa móvel alheia, para si ou para outrem, mediante grave ameaça ou violência a pessoa, ou depois de havê-la, por qualquer meio, reduzido à impossibilidade de resistência:

Pena – reclusão, de 6 a 10 anos, e multa.

§ 1º - Na mesma pena incorre quem, logo depois de subtraída a coisa, emprega violência contra pessoa ou grave ameaça, a fim de assegurar a impunidade do crime ou a detenção da coisa para si ou para terceiro.

§ 1º-A. A pena é de reclusão, de 6 a 12 anos, e multa, se a subtração for cometida contra quaisquer bens que comprometam o funcionamento de órgãos da União, de Estado, do Distrito Federal ou de Município ou de estabelecimentos públicos ou privados que prestem serviços públicos essenciais.

§ 2º A pena aumenta-se de 1/3 até metade:

I – ;

II - se há o concurso de duas ou mais pessoas;

III - se a vítima está em serviço de transporte de valores e o agente conhece tal circunstância.

IV - se a subtração for de veículo automotor que venha a ser transportado para outro Estado ou para o exterior;

V - se o agente mantém a vítima em seu poder, restringindo sua liberdade.

VI – se a subtração for de substâncias explosivas ou de acessórios que, conjunta ou isoladamente, possibilitem sua fabricação, montagem ou emprego.

VII - se a violência ou grave ameaça é exercida com emprego de arma branca;

VIII – se a subtração for de fios, cabos ou equipamentos utilizados para fornecimento ou transmissão de energia elétrica ou de telefonia ou para transferência de dados, bem como equipamentos ou materiais ferroviários ou metroviários.

IX – se a subtração for de aparelho de telefonia celular, de computador, inclusive portátil ou do tipo prancheta, ou de qualquer dispositivo eletrônico ou informático semelhante;

X – se a subtração for de arma de fogo.

§ 2º-A A pena aumenta-se de 2/3:

I – se a violência ou ameaça é exercida com emprego de arma de fogo;

II – se há destruição ou rompimento de obstáculo mediante o emprego de explosivo ou de artefato análogo que cause perigo comum.

§ 2º-B. Se a violência ou grave ameaça é exercida com emprego de arma de fogo de uso restrito ou proibido, aplica-se em dobro a pena prevista no caput deste artigo.

§ 3º Se da violência resulta:

I – lesão corporal grave, a pena é de reclusão de 7 a 18 anos, e multa;

II – morte, a pena é de reclusão, de 24 a 30 anos, e multa.

§ 4º Se a violência ou grave ameaça é cometida por integrante de organização criminosa ultraviolenta, grupo paramilitar ou milícia privada, no contexto da atuação ou para a consecução das condutas previstas no art. 2º da lei que institui o marco legal do combate ao crime organizado no Brasil, aplica-se em triplo a pena prevista no caput deste artigo, desprezadas as demais causas de aumento.

§ 5º Se o crime previsto no inciso II do § 3º deste artigo é cometido por integrante de organização criminosa ultraviolenta, grupo paramilitar ou milícia privada, no contexto da atuação ou para a consecução das condutas previstas no art. 2º da lei que institui o marco legal do combate ao crime organizado no Brasil, e da violência resulta morte:

Pena - reclusão, de 20 a 40 anos, e multa."
"158","Art. 158 Constranger alguém, mediante violência ou grave ameaça, e com o intuito de obter para si ou para outrem indevida vantagem econômica, a fazer, tolerar que se faça ou deixar de fazer alguma coisa:

Pena - reclusão, de quatro a dez anos, e multa.

§ 1º - Se o crime é cometido por duas ou mais pessoas, ou com emprego de arma, aumenta-se a pena de um terço até metade.

§ 2º - Aplica-se à extorsão praticada mediante violência o disposto no § 3º do artigo anterior. Vide Lei nº 8.072, de 25.7.90

§ 3 o Se o crime é cometido mediante a restrição da liberdade da vítima, e essa condição é necessária para a obtenção da vantagem econômica, a pena é de reclusão, de 6 a 12 anos, além da multa; se resulta lesão corporal grave ou morte, aplicam-se as penas previstas no art. 159, §§ 2 o e 3 o , respectivamente.

§ 4º Se os crimes previstos neste artigo são cometidos por integrante de organização criminosa, grupo paramilitar ou milícia privada, no contexto da atuação ou para a consecução das condutas previstas, aplica-se em triplo a respectiva pena."
"159","Art. 159 Seqüestrar pessoa com o fim de obter, para si ou para outrem, qualquer vantagem, como condição ou preço do resgate: Vide Lei nº 8.072, de 25.7.90

Pena - reclusão, de oito a quinze anos. .

§ 1 o Se o seqüestro dura mais de 24 horas, se o seqüestrado é menor de 18 ou maior de 60 anos, ou se o crime é cometido por bando ou quadrilha. Vide Lei nº 8.072, de 25.7.90

Pena - reclusão, de doze a vinte anos.

§ 2º - Se do fato resulta lesão corporal de natureza grave: Vide Lei nº 8.072, de 25.7.90

Pena - reclusão, de dezesseis a vinte e quatro anos.

§ 3º - Se resulta a morte: Vide Lei nº 8.072, de 25.7.90

Pena - reclusão, de vinte e quatro a trinta anos.

§ 4 º - Se o crime é cometido em concurso, o concorrente que o denunciar à autoridade, facilitando a libertação do seqüestrado, terá sua pena reduzida de um a dois terços.

§ 5º Se os crimes previstos neste artigo são cometidos por integrante de organização criminosa ultraviolenta, grupo paramilitar ou milícia privada, no contexto da atuação ou para a consecução das condutas previstas no art. 2º da lei que institui o marco legal do combate ao crime organizado no Brasil, aumenta-se a respectiva pena em 2/3."
"160","Art. 160 Exigir ou receber, como garantia de dívida, abusando da situação de alguém, documento que pode dar causa a procedimento criminal contra a vítima ou contra terceiro:

Pena - reclusão, de um a três anos, e multa."
"161","Art. 161 Suprimir ou deslocar tapume, marco, ou qualquer outro sinal indicativo de linha divisória, para apropriar-se, no todo ou em parte, de coisa imóvel alheia:

Pena - detenção, de um a seis meses, e multa.

§ 1º - Na mesma pena incorre quem:

Usurpação de águas

I - desvia ou represa, em proveito próprio ou de outrem, águas alheias;

Esbulho possessório

II - invade, com violência a pessoa ou grave ameaça, ou mediante concurso de mais de duas pessoas, terreno ou edifício alheio, para o fim de esbulho possessório.

§ 2º - Se o agente usa de violência, incorre também na pena a esta cominada.

§ 3º - Se a propriedade é particular, e não há emprego de violência, somente se procede mediante queixa."
"162","Art. 162 Suprimir ou alterar, indevidamente, em gado ou rebanho alheio, marca ou sinal indicativo de propriedade:

Pena - detenção, de seis meses a três anos, e multa."
"163","Art. 163 Destruir, inutilizar ou deteriorar coisa alheia:

Pena - detenção, de um a seis meses, ou multa.

Dano qualificado

Parágrafo único - Se o crime é cometido:

I - com violência à pessoa ou grave ameaça;

II - com emprego de substância inflamável ou explosiva, se o fato não constitui crime mais grave

III - contra o patrimônio da União, de Estado, do Distrito Federal, de Município ou de autarquia, fundação pública, empresa pública, sociedade de economia mista ou empresa concessionária de serviços públicos;

IV - por motivo egoístico ou com prejuízo considerável para a vítima:

Pena - detenção, de seis meses a três anos, e multa, além da pena correspondente à violência."
"164","Art. 164 Introduzir ou deixar animais em propriedade alheia, sem consentimento de quem de direito, desde que o fato resulte prejuízo:

Pena - detenção, de quinze dias a seis meses, ou multa."
"165","Art. 165 Destruir, inutilizar ou deteriorar coisa tombada pela autoridade competente em virtude de valor artístico, arqueológico ou histórico:

Pena - detenção, de seis meses a dois anos, e multa."
"166","Art. 166 Alterar, sem licença da autoridade competente, o aspecto de local especialmente protegido por lei:

Pena - detenção, de um mês a um ano, ou multa."
"167","Art. 167 Nos casos do art. 163, do inciso IV do seu parágrafo e do art. 164, somente se procede mediante queixa."
"168","Art. 168 Apropriar-se de coisa alheia móvel, de que tem a posse ou a detenção:

Pena - reclusão, de um a quatro anos, e multa.

Aumento de pena

§ 1º - A pena é aumentada de um terço, quando o agente recebeu a coisa:

I - em depósito necessário;

II - na qualidade de tutor, curador, síndico, liquidatário, inventariante, testamenteiro ou depositário judicial;

III - em razão de ofício, emprego ou profissão."
"168-A","Art. 168 A. Deixar de repassar à previdência social as contribuições recolhidas dos contribuintes, no prazo e forma legal ou convencional:

Pena – reclusão, de 2 a 5 anos, e multa.

§ 1 o Nas mesmas penas incorre quem deixar de:

I – recolher, no prazo legal, contribuição ou outra importância destinada à previdência social que tenha sido descontada de pagamento efetuado a segurados, a terceiros ou arrecadada do público;

II – recolher contribuições devidas à previdência social que tenham integrado despesas contábeis ou custos relativos à venda de produtos ou à prestação de serviços;

III - pagar benefício devido a segurado, quando as respectivas cotas ou valores já tiverem sido reembolsados à empresa pela previdência social.

§ 2 o É extinta a punibilidade se o agente, espontaneamente, declara, confessa e efetua o pagamento das contribuições, importâncias ou valores e presta as informações devidas à previdência social, na forma definida em lei ou regulamento, antes do início da ação fiscal.

§ 3 o É facultado ao juiz deixar de aplicar a pena ou aplicar somente a de multa se o agente for primário e de bons antecedentes, desde que:

I – tenha promovido, após o início da ação fiscal e antes de oferecida a denúncia, o pagamento da contribuição social previdenciária, inclusive acessórios; ou

II – o valor das contribuições devidas, inclusive acessórios, seja igual ou inferior àquele estabelecido pela previdência social, administrativamente, como sendo o mínimo para o ajuizamento de suas execuções fiscais.

§ 4 o A faculdade prevista no § 3 o deste artigo não se aplica aos casos de parcelamento de contribuições cujo valor, inclusive dos acessórios, seja superior àquele estabelecido, administrativamente, como sendo o mínimo para o ajuizamento de suas execuções fiscais.

§ 5º A extinção de punibilidade de que trata o § 2º deste artigo não se aplica ao agente declarado devedor contumaz em decisão administrativa definitiva e inscrito no Cadastro Informativo dos créditos não quitados do setor público federal, previsto na Lei nº 10.522, de 19 de julho de 2002.

§ 6º O fato de o agente deixar de ser considerado devedor contumaz não afasta o disposto no § 5º deste artigo em relação aos atos praticados no período em que era assim considerado."
"169","Art. 169 Apropriar-se alguém de coisa alheia vinda ao seu poder por erro, caso fortuito ou força da natureza:

Pena - detenção, de um mês a um ano, ou multa.

Parágrafo único - Na mesma pena incorre:

Apropriação de tesouro

I - quem acha tesouro em prédio alheio e se apropria, no todo ou em parte, da quota a que tem direito o proprietário do prédio;

Apropriação de coisa achada

II - quem acha coisa alheia perdida e dela se apropria, total ou parcialmente, deixando de restituí-la ao dono ou legítimo possuidor ou de entregá-la à autoridade competente, dentro no prazo de quinze dias."
"170","Art. 170 Nos crimes previstos neste Capítulo, aplica-se o disposto no art. 155, § 2º."
"171","Art. 171 Obter, para si ou para outrem, vantagem ilícita, em prejuízo alheio, induzindo ou mantendo alguém em erro, mediante artifício, ardil, ou qualquer outro meio fraudulento:

Pena – reclusão, de 1 a 5 anos, e multa.

§ 1º - Se o criminoso é primário, e é de pequeno valor o prejuízo, o juiz pode aplicar a pena conforme o disposto no art. 155, § 2º.

§ 2º - Nas mesmas penas incorre quem:

Disposição de coisa alheia como própria

I - vende, permuta, dá em pagamento, em locação ou em garantia coisa alheia como própria;

Alienação ou oneração fraudulenta de coisa própria

II - vende, permuta, dá em pagamento ou em garantia coisa própria inalienável, gravada de ônus ou litigiosa, ou imóvel que prometeu vender a terceiro, mediante pagamento em prestações, silenciando sobre qualquer dessas circunstâncias;

Defraudação de penhor

III - defrauda, mediante alienação não consentida pelo credor ou por outro modo, a garantia pignoratícia, quando tem a posse do objeto empenhado;

Fraude na entrega de coisa

IV - defrauda substância, qualidade ou quantidade de coisa que deve entregar a alguém;

Fraude para recebimento de indenização ou valor de seguro

V - destrói, total ou parcialmente, ou oculta coisa própria, ou lesa o próprio corpo ou a saúde, ou agrava as conseqüências da lesão ou doença, com o intuito de haver indenização ou valor de seguro;

Fraude no pagamento por meio de cheque

VI - emite cheque, sem suficiente provisão de fundos em poder do sacado, ou lhe frustra o pagamento.

Cessão de conta laranja

VII – cede, gratuita ou onerosamente, conta bancária para que nela transitem recursos destinados ao financiamento de atividade criminosa ou que dela sejam fruto.

Fraude eletrônica

§ 2º-A. A pena é de reclusão, de 4 a 8 anos, e multa, se a fraude é cometida com a utilização de informações fornecidas pela vítima ou por terceiro induzido a erro por meio de redes sociais, contatos telefônicos, envio de correio eletrônico fraudulento, duplicação de dispositivo eletrônico ou aplicação de internet, ou por qualquer outro meio fraudulento análogo.

§ 2º-B. A pena prevista no § 2º-A deste artigo, considerada a relevância do resultado gravoso, aumenta-se de 1/3 a 2/3, se o crime é praticado mediante a utilização de servidor mantido fora do território nacional.

§ 3º - A pena aumenta-se de um terço, se o crime é cometido em detrimento de entidade de direito público ou de instituto de economia popular, assistência social ou beneficência.

Estelionato contra idoso ou vulnerável

§ 4º A pena aumenta-se de 1/3 ao dobro, se o crime é cometido contra idoso ou vulnerável, considerada a relevância do resultado gravoso.

§ 5º .

I – ;

II – ;

III – ;

IV – ."
"171-A","Art. 171 A. Organizar, gerir, ofertar ou distribuir carteiras ou intermediar operações que envolvam ativos virtuais, valores mobiliários ou quaisquer ativos financeiros com o fim de obter vantagem ilícita, em prejuízo alheio, induzindo ou mantendo alguém em erro, mediante artifício, ardil ou qualquer outro meio fraudulento. Vigência

Pena - reclusão, de 4 a 8 anos, e multa. Vigência"
"172","Art. 172 Emitir fatura, duplicata ou nota de venda que não corresponda à mercadoria vendida, em quantidade ou qualidade, ou ao serviço prestado.

Pena - detenção, de 2 a 4 anos, e multa.

Parágrafo único. Nas mesmas penas incorrerá aquêle que falsificar ou adulterar a escrituração do Livro de Registro de Duplicatas."
"173","Art. 173 Abusar, em proveito próprio ou alheio, de necessidade, paixão ou inexperiência de menor, ou da alienação ou debilidade mental de outrem, induzindo qualquer deles à prática de ato suscetível de produzir efeito jurídico, em prejuízo próprio ou de terceiro:

Pena - reclusão, de dois a seis anos, e multa."
"174","Art. 174 Abusar, em proveito próprio ou alheio, da inexperiência ou da simplicidade ou inferioridade mental de outrem, induzindo-o à prática de jogo ou aposta, ou à especulação com títulos ou mercadorias, sabendo ou devendo saber que a operação é ruinosa:

Pena - reclusão, de um a três anos, e multa."
"175","Art. 175 Enganar, no exercício de atividade comercial, o adquirente ou consumidor:

I - vendendo, como verdadeira ou perfeita, mercadoria falsificada ou deteriorada;

II - entregando uma mercadoria por outra:

Pena - detenção, de seis meses a dois anos, ou multa.

§ 1º - Alterar em obra que lhe é encomendada a qualidade ou o peso de metal ou substituir, no mesmo caso, pedra verdadeira por falsa ou por outra de menor valor; vender pedra falsa por verdadeira; vender, como precioso, metal de ou outra qualidade:

Pena - reclusão, de um a cinco anos, e multa.

§ 2º - É aplicável o disposto no art. 155, § 2º."
"176","Art. 176 Tomar refeição em restaurante, alojar-se em hotel ou utilizar-se de meio de transporte sem dispor de recursos para efetuar o pagamento:

Pena - detenção, de quinze dias a dois meses, ou multa.

Parágrafo único - Somente se procede mediante representação, e o juiz pode, conforme as circunstâncias, deixar de aplicar a pena."
"177","Art. 177 Promover a fundação de sociedade por ações, fazendo, em prospecto ou em comunicação ao público ou à assembléia, afirmação falsa sobre a constituição da sociedade, ou ocultando fraudulentamente fato a ela relativo:

Pena - reclusão, de um a quatro anos, e multa, se o fato não constitui crime contra a economia popular.

§ 1º - Incorrem na mesma pena, se o fato não constitui crime contra a economia popular:

I - o diretor, o gerente ou o fiscal de sociedade por ações, que, em prospecto, relatório, parecer, balanço ou comunicação ao público ou à assembléia, faz afirmação falsa sobre as condições econômicas da sociedade, ou oculta fraudulentamente, no todo ou em parte, fato a elas relativo;

II - o diretor, o gerente ou o fiscal que promove, por qualquer artifício, falsa cotação das ações ou de outros títulos da sociedade;

III - o diretor ou o gerente que toma empréstimo à sociedade ou usa, em proveito próprio ou de terceiro, dos bens ou haveres sociais, sem prévia autorização da assembléia geral;

IV - o diretor ou o gerente que compra ou vende, por conta da sociedade, ações por ela emitidas, salvo quando a lei o permite;

V - o diretor ou o gerente que, como garantia de crédito social, aceita em penhor ou em caução ações da própria sociedade;

VI - o diretor ou o gerente que, na falta de balanço, em desacordo com este, ou mediante balanço falso, distribui lucros ou dividendos fictícios;

VII - o diretor, o gerente ou o fiscal que, por interposta pessoa, ou conluiado com acionista, consegue a aprovação de conta ou parecer;

VIII - o liquidante, nos casos dos ns. I, II, III, IV, V e VII;

IX - o representante da sociedade anônima estrangeira, autorizada a funcionar no País, que pratica os atos mencionados nos ns. I e II, ou dá falsa informação ao Governo.

§ 2º - Incorre na pena de detenção, de seis meses a dois anos, e multa, o acionista que, a fim de obter vantagem para si ou para outrem, negocia o voto nas deliberações de assembléia geral."
"178","Art. 178 Emitir conhecimento de depósito ou warrant, em desacordo com disposição legal:

Pena - reclusão, de um a quatro anos, e multa."
"179","Art. 179 Fraudar execução, alienando, desviando, destruindo ou danificando bens, ou simulando dívidas:

Pena - detenção, de seis meses a dois anos, ou multa.

Parágrafo único - Somente se procede mediante queixa."
"180","Art. 180 Adquirir, receber, transportar, conduzir ou ocultar, em proveito próprio ou alheio, coisa que sabe ser produto de crime, ou influir para que terceiro, de boa-fé, a adquira, receba ou oculte:

Pena – reclusão, de 2 a 6 anos, e multa.

Receptação qualificada

§ 1º - Adquirir, receber, transportar, conduzir, ocultar, ter em depósito, desmontar, montar, remontar, vender, expor à venda, ou de qualquer forma utilizar, em proveito próprio ou alheio, no exercício de atividade comercial ou industrial, coisa que deve saber ser produto de crime:

Pena - reclusão, de três a oito anos, e multa.

§ 2º - Equipara-se à atividade comercial, para efeito do parágrafo anterior, qualquer forma de comércio irregular ou clandestino, inclusive o exercício em residência.

§ 3º - Adquirir ou receber coisa que, por sua natureza ou pela desproporção entre o valor e o preço, ou pela condição de quem a oferece, deve presumir-se obtida por meio criminoso:

Pena - detenção, de um mês a um ano, ou multa, ou ambas as penas.

§ 4º - A receptação é punível, ainda que desconhecido ou isento de pena o autor do crime de que proveio a coisa.

§ 5º.

§ 6 o Tratando-se de bens do patrimônio da União, de Estado, do Distrito Federal, de Município ou de autarquia, fundação pública, empresa pública, sociedade de economia mista ou empresa concessionária de serviços públicos, aplica-se em dobro a pena prevista no caput deste artigo.

§ 7º Se a receptação for de fios, cabos ou equipamentos utilizados para fornecimento ou transmissão de energia elétrica ou de telefonia, transferência de dados, ou de cargas transportadas em modais logísticos ferroviários ou metroviários, aplica-se em dobro a pena prevista no caput ou no § 1º deste artigo, conforme o caso.

§ 8º Se os crimes previstos neste artigo são cometidos por integrante de organização criminosa ultraviolenta, grupo paramilitar ou milícia privada, no contexto da atuação ou para a consecução das condutas previstas no art. 2º da lei que institui o marco legal do combate ao crime organizado no Brasil, aumenta-se a respectiva pena em 2/3."
"180-A","Art. 180 A. Adquirir, receber, transportar, conduzir, ocultar, ter em depósito ou vender, com a finalidade de produção ou de comercialização, semovente domesticável de produção, ainda que abatido ou dividido em partes, ou animal doméstico, que sabe ou deve saber ser produto de crime:

Pena – reclusão, de 3 a 8 anos, e multa."
"181","Art. 181 É isento de pena quem comete qualquer dos crimes previstos neste título, em prejuízo:

I - do cônjuge, na constância da sociedade conjugal;

II - de ascendente ou descendente, seja o parentesco legítimo ou ilegítimo, seja civil ou natural."
"182","Art. 182 Somente se procede mediante representação, se o crime previsto neste título é cometido em prejuízo:

I - do cônjuge desquitado ou judicialmente separado;

II - de irmão, legítimo ou ilegítimo;

III - de tio ou sobrinho, com quem o agente coabita."
"183","Art. 183 Não se aplica o disposto nos dois artigos anteriores:

I - se o crime é de roubo ou de extorsão, ou, em geral, quando haja emprego de grave ameaça ou violência à pessoa;

II - ao estranho que participa do crime.

III – se o crime é praticado contra pessoa com idade igual ou superior a 60 anos."
"183-A","Art. 183 A. Nos crimes de que trata este Título, quando cometidos contra as instituições financeiras e os prestadores de serviço de segurança privada, de que trata o Estatuto da Segurança Privada e da Segurança das Instituições Financeiras, as penas serão aumentadas de 1/3 até o dobro."
"184","Art. 184. Violar direitos de autor e os que lhe são conexos:

Pena – detenção, de 3 meses a 1 ano, ou multa.

§ 1 o Se a violação consistir em reprodução total ou parcial, com intuito de lucro direto ou indireto, por qualquer meio ou processo, de obra intelectual, interpretação, execução ou fonograma, sem autorização expressa do autor, do artista intérprete ou executante, do produtor, conforme o caso, ou de quem os represente:

Pena – reclusão, de 2 a 4 anos, e multa.

§ 2 o Na mesma pena do § 1 o incorre quem, com o intuito de lucro direto ou indireto, distribui, vende, expõe à venda, aluga, introduz no País, adquire, oculta, tem em depósito, original ou cópia de obra intelectual ou fonograma reproduzido com violação do direito de autor, do direito de artista intérprete ou executante ou do direito do produtor de fonograma, ou, ainda, aluga original ou cópia de obra intelectual ou fonograma, sem a expressa autorização dos titulares dos direitos ou de quem os represente.

§ 3 o Se a violação consistir no oferecimento ao público, mediante cabo, fibra ótica, satélite, ondas ou qualquer outro sistema que permita ao usuário realizar a seleção da obra ou produção para recebê-la em um tempo e lugar previamente determinados por quem formula a demanda, com intuito de lucro, direto ou indireto, sem autorização expressa, conforme o caso, do autor, do artista intérprete ou executante, do produtor de fonograma, ou de quem os represente:

Pena – reclusão, de 2 a 4 anos, e multa.

§ 4 o O disposto nos §§ 1 o , 2 o e 3 o não se aplica quando se tratar de exceção ou limitação ao direito de autor ou os que lhe são conexos, em conformidade com o previsto na Lei nº 9.610, de 19 de fevereiro de 1998, nem a cópia de obra intelectual ou fonograma, em um só exemplar, para uso privado do copista, sem intuito de lucro direto ou indireto."
"185","Art. 185"
"186","Art. 186. Procede-se mediante:

I – queixa, nos crimes previstos no caput do art. 184;

II – ação penal pública incondicionada, nos crimes previstos nos §§ 1 o e 2 o do art. 184;

III – ação penal pública incondicionada, nos crimes cometidos em desfavor de entidades de direito público, autarquia, empresa pública, sociedade de economia mista ou fundação instituída pelo Poder Público;

IV – ação penal pública condicionada à representação, nos crimes previstos no § 3 o do art. 184."
"188","Art. 188 Usurpação ou indevida exploração de modelo ou desenho privilegiado"
"189","Art. 189 Falsa declaração de depósito em modelo ou desenho"
"190","Art. 190"
"191","Art. 191"
"192","Art. 192 Uso indevido de armas, brasões e distintivos públicos"
"193","Art. 193 Marca com falsa indicação de procedência"
"194","Art. 194"
"195","Art. 195"
"196","Art. 196"
"197","Art. 197 Constranger alguém, mediante violência ou grave ameaça:

I - a exercer ou não exercer arte, ofício, profissão ou indústria, ou a trabalhar ou não trabalhar durante certo período ou em determinados dias:

Pena - detenção, de um mês a um ano, e multa, além da pena correspondente à violência;

II - a abrir ou fechar o seu estabelecimento de trabalho, ou a participar de parede ou paralisação de atividade econômica:

Pena - detenção, de três meses a um ano, e multa, além da pena correspondente à violência."
"198","Art. 198 Constranger alguém, mediante violência ou grave ameaça, a celebrar contrato de trabalho, ou a não fornecer a outrem ou não adquirir de outrem matéria-prima ou produto industrial ou agrícola:

Pena - detenção, de um mês a um ano, e multa, além da pena correspondente à violência."
"199","Art. 199 Constranger alguém, mediante violência ou grave ameaça, a participar ou deixar de participar de determinado sindicato ou associação profissional:

Pena - detenção, de um mês a um ano, e multa, além da pena correspondente à violência."
"200","Art. 200 Participar de suspensão ou abandono coletivo de trabalho, praticando violência contra pessoa ou contra coisa:

Pena - detenção, de um mês a um ano, e multa, além da pena correspondente à violência.

Parágrafo único - Para que se considere coletivo o abandono de trabalho é indispensável o concurso de, pelo menos, três empregados."
"201","Art. 201 Participar de suspensão ou abandono coletivo de trabalho, provocando a interrupção de obra pública ou serviço de interesse coletivo:

Pena - detenção, de seis meses a dois anos, e multa."
"202","Art. 202 Invadir ou ocupar estabelecimento industrial, comercial ou agrícola, com o intuito de impedir ou embaraçar o curso normal do trabalho, ou com o mesmo fim danificar o estabelecimento ou as coisas nele existentes ou delas dispor:

Pena - reclusão, de um a três anos, e multa."
"203","Art. 203 Frustrar, mediante fraude ou violência, direito assegurado pela legislação do trabalho:

Pena - detenção de um ano a dois anos, e multa, além da pena correspondente à violência.

§ 1º Na mesma pena incorre quem:

I - obriga ou coage alguém a usar mercadorias de determinado estabelecimento, para impossibilitar o desligamento do serviço em virtude de dívida;

II - impede alguém de se desligar de serviços de qualquer natureza, mediante coação ou por meio da retenção de seus documentos pessoais ou contratuais.

§ 2º A pena é aumentada de um sexto a um terço se a vítima é menor de dezoito anos, idosa, gestante, indígena ou portadora de deficiência física ou mental."
"204","Art. 204 Frustrar, mediante fraude ou violência, obrigação legal relativa à nacionalização do trabalho:

Pena - detenção, de um mês a um ano, e multa, além da pena correspondente à violência."
"205","Art. 205 Exercer atividade, de que está impedido por decisão administrativa:

Pena - detenção, de três meses a dois anos, ou multa."
"206","Art. 206 Recrutar trabalhadores, mediante fraude, com o fim de levá-los para território estrangeiro.

Pena - detenção, de 1 a 3 anos e multa."
"207","Art. 207 Aliciar trabalhadores, com o fim de levá-los de uma para outra localidade do território nacional:

Pena - detenção de um a três anos, e multa.

§ 1º Incorre na mesma pena quem recrutar trabalhadores fora da localidade de execução do trabalho, dentro do território nacional, mediante fraude ou cobrança de qualquer quantia do trabalhador, ou, ainda, não assegurar condições do seu retorno ao local de origem.

§ 2º A pena é aumentada de um sexto a um terço se a vítima é menor de dezoito anos, idosa, gestante, indígena ou portadora de deficiência física ou mental."
"208","Art. 208 Escarnecer de alguém publicamente, por motivo de crença ou função religiosa; impedir ou perturbar cerimônia ou prática de culto religioso; vilipendiar publicamente ato ou objeto de culto religioso:

Pena - detenção, de um mês a um ano, ou multa.

Parágrafo único - Se há emprego de violência, a pena é aumentada de um terço, sem prejuízo da correspondente à violência."
"209","Art. 209 Impedir ou perturbar enterro ou cerimônia funerária:

Pena - detenção, de um mês a um ano, ou multa.

Parágrafo único - Se há emprego de violência, a pena é aumentada de um terço, sem prejuízo da correspondente à violência."
"210","Art. 210 Violar ou profanar sepultura ou urna funerária:

Pena - reclusão, de um a três anos, e multa."
"211","Art. 211 Destruir, subtrair ou ocultar cadáver ou parte dele:

Pena - reclusão, de um a três anos, e multa."
"212","Art. 212 Vilipendiar cadáver ou suas cinzas:

Pena - detenção, de um a três anos, e multa."
"213","Art. 213. Constranger alguém, mediante violência ou grave ameaça, a ter conjunção carnal ou a praticar ou permitir que com ele se pratique outro ato libidinoso:

Pena - reclusão, de 6 a 10 anos.

§ 1 o Se da conduta resulta lesão corporal de natureza grave ou se a vítima é menor de 18 ou maior de 14 anos:

Pena - reclusão, de 8 a 12 anos.

§ 2 o Se da conduta resulta morte:"
"214","Art. 214"
"215","Art. 215. Ter conjunção carnal ou praticar outro ato libidinoso com alguém, mediante fraude ou outro meio que impeça ou dificulte a livre manifestação de vontade da vítima:

Pena - reclusão, de 2 a 6 anos.

Parágrafo único. Se o crime é cometido com o fim de obter vantagem econômica, aplica-se também multa."
"215-A","Art. 215 A. Praticar contra alguém e sem a sua anuência ato libidinoso com o objetivo de satisfazer a própria lascívia ou a de terceiro:"
"216","Art. 216."
"216-A","Art. 216 A. Constranger alguém com o intuito de obter vantagem ou favorecimento sexual, prevalecendo-se o agente da sua condição de superior hierárquico ou ascendência inerentes ao exercício de emprego, cargo ou função.

Pena – detenção, de 1 a 2 anos.

Parágrafo único.

§ 2 o A pena é aumentada em até um terço se a vítima é menor de 18 anos."
"216-B","Art. 216 B. Produzir, fotografar, filmar ou registrar, por qualquer meio, conteúdo com cena de nudez ou ato sexual ou libidinoso de caráter íntimo e privado sem autorização dos participantes:

Pena - detenção, de 6 meses a 1 ano, e multa.

Parágrafo único. Na mesma pena incorre quem realiza montagem em fotografia, vídeo, áudio ou qualquer outro registro com o fim de incluir pessoa em cena de nudez ou ato sexual ou libidinoso de caráter íntimo."
"217","Art. 217"
"217-A","Art. 217 A. Ter conjunção carnal ou praticar outro ato libidinoso com menor de 14 anos:

Pena – reclusão, de 10 a 18 anos, e multa.

§ 1 o Incorre na mesma pena quem pratica as ações descritas no caput com alguém que, por enfermidade ou deficiência mental, não tem o necessário discernimento para a prática do ato, ou que, por qualquer outra causa, não pode oferecer resistência.

§ 2 o

§ 3 o Se da conduta resulta lesão corporal de natureza grave:

Pena – reclusão, de 12 a 24 anos, e multa.

§ 4 o Se da conduta resulta morte:

Pena – reclusão, de 20 a 40 anos, e multa.

§ 4º-A. É absoluta a presunção de vulnerabilidade da vítima e inadmissível sua relativização.

§ 5º As penas previstas no caput e nos §§ 1º, 3º e 4º deste artigo aplicam-se independentemente do consentimento da vítima, de sua experiência sexual, do fato de ela ter mantido relações sexuais anteriormente ao crime ou da ocorrência de gravidez resultante da prática do crime."
"218","Art. 218. Induzir alguém menor de 14 anos a satisfazer a lascívia de outrem:

Pena – reclusão, de 6 a 14 anos, e multa.

Parágrafo único. ."
"218-A","Art. 218 A. Praticar, na presença de alguém menor de 14 anos, ou induzi-lo a presenciar, conjunção carnal ou outro ato libidinoso, a fim de satisfazer lascívia própria ou de outrem:

Pena – reclusão, de 5 a 12 anos, e multa."
"218-B","Art. 218 B. Submeter, induzir ou atrair à prostituição ou outra forma de exploração sexual alguém menor de 18 anos ou que, por enfermidade ou deficiência mental, não tem o necessário discernimento para a prática do ato, facilitá-la, impedir ou dificultar que a abandone:

Pena – reclusão, de 7 a 16 anos, e multa.

§ 1º.

§ 2 o Incorre nas mesmas penas:

I - quem pratica conjunção carnal ou outro ato libidinoso com alguém menor de 18 e maior de 14 anos na situação descrita no caput deste artigo;

II - o proprietário, o gerente ou o responsável pelo local em que se verifiquem as práticas referidas no caput deste artigo.

§ 3 o Na hipótese do inciso II do § 2 o , constitui efeito obrigatório da condenação a cassação da licença de localização e de funcionamento do estabelecimento."
"218-C","Art. 218 C. Oferecer, trocar, disponibilizar, transmitir, vender ou expor à venda, distribuir, publicar ou divulgar, por qualquer meio - inclusive por meio de comunicação de massa ou sistema de informática ou telemática -, fotografia, vídeo ou outro registro audiovisual que contenha cena de estupro ou de estupro de vulnerável ou que faça apologia ou induza a sua prática, ou, sem o consentimento da vítima, cena de sexo, nudez ou pornografia:

Pena – reclusão, de 4 a 10 anos, e multa, se o fato não constitui crime mais grave.

Aumento de pena

§ 1º A pena é aumentada de 1/3 a 2/3 se o crime é praticado por agente que mantém ou tenha mantido relação íntima de afeto com a vítima ou com o fim de vingança ou humilhação.

Exclusão de ilicitude

§ 2º Não há crime quando o agente pratica as condutas descritas no caput deste artigo em publicação de natureza jornalística, científica, cultural ou acadêmica com a adoção de recurso que impossibilite a identificação da vítima, ressalvada sua prévia autorização, caso seja maior de 18 anos."
"219","Art. 219"
"220","Art. 220"
"221","Art. 221"
"222","Art. 222"
"223","Art. 223"
"224","Art. 224"
"225","Art. 225. Nos crimes definidos nos Capítulos I e II deste Título, procede-se mediante ação penal pública incondicionada.

Parágrafo único. ."
"226","Art. 226. A pena é aumentada:

I – de quarta parte, se o crime é cometido com o concurso de 2 ou mais pessoas;

II - de metade, se o agente é ascendente, padrasto ou madrasta, tio, irmão, cônjuge, companheiro, tutor, curador, preceptor ou empregador da vítima ou por qualquer outro título tiver autoridade sobre ela;

III -

IV - de 1/3 a 2/3, se o crime é praticado:

Estupro coletivo

a) mediante concurso de 2 ou mais agentes;

Estupro corretivo

b) para controlar o comportamento social ou sexual da vítima."
"227","Art. 227 Induzir alguém a satisfazer a lascívia de outrem:

Pena - reclusão, de um a três anos.

§ 1 o Se a vítima é maior de 14 e menor de 18 anos, ou se o agente é seu ascendente, descendente, cônjuge ou companheiro, irmão, tutor ou curador ou pessoa a quem esteja confiada para fins de educação, de tratamento ou de guarda:

Pena - reclusão, de dois a cinco anos.

§ 2º - Se o crime é cometido com emprego de violência, grave ameaça ou fraude:

Pena - reclusão, de dois a oito anos, além da pena correspondente à violência.

§ 3º - Se o crime é cometido com o fim de lucro, aplica-se também multa."
"228","Art. 228. Induzir ou atrair alguém à prostituição ou outra forma de exploração sexual, facilitá-la, impedir ou dificultar que alguém a abandone:

Pena - reclusão, de 2 a 5 anos, e multa.

§ 1 o Se o agente é ascendente, padrasto, madrasta, irmão, enteado, cônjuge, companheiro, tutor ou curador, preceptor ou empregador da vítima, ou se assumiu, por lei ou outra forma, obrigação de cuidado, proteção ou vigilância:

Pena - reclusão, de 3 a 8 anos.

§ 2º - Se o crime, é cometido com emprego de violência, grave ameaça ou fraude:

Pena - reclusão, de quatro a dez anos, além da pena correspondente à violência.

§ 3º - Se o crime é cometido com o fim de lucro, aplica-se também multa."
"229","Art. 229. Manter, por conta própria ou de terceiro, estabelecimento em que ocorra exploração sexual, haja, ou não, intuito de lucro ou mediação direta do proprietário ou gerente:

Pena - reclusão, de dois a cinco anos, e multa."
"230","Art. 230 Tirar proveito da prostituição alheia, participando diretamente de seus lucros ou fazendo-se sustentar, no todo ou em parte, por quem a exerça:

Pena - reclusão, de um a quatro anos, e multa.

§ 1 o Se a vítima é menor de 18 e maior de 14 anos ou se o crime é cometido por ascendente, padrasto, madrasta, irmão, enteado, cônjuge, companheiro, tutor ou curador, preceptor ou empregador da vítima, ou por quem assumiu, por lei ou outra forma, obrigação de cuidado, proteção ou vigilância:

Pena - reclusão, de 3 a 6 anos, e multa.

§ 2 o Se o crime é cometido mediante violência, grave ameaça, fraude ou outro meio que impeça ou dificulte a livre manifestação da vontade da vítima:

Pena - reclusão, de 2 a 8 anos, sem prejuízo da pena correspondente à violência."
"231","Art. 231."
"231-A","Art. 231 A."
"232","Art. 232"
"232-A","Art. 232 A. Promover, por qualquer meio, com o fim de obter vantagem econômica, a entrada ilegal de estrangeiro em território nacional ou de brasileiro em país estrangeiro: Incluído pela Lei nº 13.445, de 2017 Vigência

Pena - reclusão, de 2 a 5 anos, e multa. Incluído pela Lei nº 13.445, de 2017 Vigência

§ 1º Na mesma pena incorre quem promover, por qualquer meio, com o fim de obter vantagem econômica, a saída de estrangeiro do território nacional para ingressar ilegalmente em país estrangeiro. Incluído pela Lei nº 13.445, de 2017 Vigência

§ 2º A pena é aumentada de 1/6 a 1/3 se: Incluído pela Lei nº 13.445, de 2017 Vigência

I - o crime é cometido com violência; ou Incluído pela Lei nº 13.445, de 2017 Vigência

II - a vítima é submetida a condição desumana ou degradante. Incluído pela Lei nº 13.445, de 2017 Vigência

§ 3º A pena prevista para o crime será aplicada sem prejuízo das correspondentes às infrações conexas. Incluído pela Lei nº 13.445, de 2017 Vigência"
"233","Art. 233 Praticar ato obsceno em lugar público, ou aberto ou exposto ao público:

Pena - detenção, de três meses a um ano, ou multa."
"234","Art. 234 Fazer, importar, exportar, adquirir ou ter sob sua guarda, para fim de comércio, de distribuição ou de exposição pública, escrito, desenho, pintura, estampa ou qualquer objeto obsceno:

Pena - detenção, de seis meses a dois anos, ou multa.

Parágrafo único - Incorre na mesma pena quem:

I - vende, distribui ou expõe à venda ou ao público qualquer dos objetos referidos neste artigo;

II - realiza, em lugar público ou acessível ao público, representação teatral, ou exibição cinematográfica de caráter obsceno, ou qualquer outro espetáculo, que tenha o mesmo caráter;

III - realiza, em lugar público ou acessível ao público, ou pelo rádio, audição ou recitação de caráter obsceno."
"234-A","Art. 234 A. Nos crimes previstos neste Título a pena é aumentada:

I – ;

II – ;

III - de metade a 2/3, se do crime resulta gravidez;

IV - de 1/3 a 2/3, se o agente transmite à vítima doença sexualmente transmissível de que sabe ou deveria saber ser portador, ou se a vítima é idosa ou pessoa com deficiência."
"234-B","Art. 234 B. Os processos em que se apuram crimes definidos neste Título correrão em segredo de justiça.

§ 1º O sistema de consulta processual tornará de acesso público o nome completo do réu, seu número de inscrição no Cadastro de Pessoas Físicas e a tipificação penal do fato a partir da condenação em primeira instância pelos crimes tipificados nos arts. 213, 216-B, 217-A, 218-B, 227, 228, 229 e 230 deste Código, inclusive com os dados da pena ou da medida de segurança imposta, ressalvada a possibilidade de o juiz fundamentadamente determinar a manutenção do sigilo.

§ 2º Caso o réu seja absolvido em grau recursal, será restabelecido o sigilo sobre as informações a que se refere o § 1º deste artigo.

§ 3º O réu condenado passará a ser monitorado por dispositivo eletrônico."
"234-C","Art. 234 C. ."
"235","Art. 235 Contrair alguém, sendo casado, novo casamento:

Pena - reclusão, de dois a seis anos.

§ 1º - Aquele que, não sendo casado, contrai casamento com pessoa casada, conhecendo essa circunstância, é punido com reclusão ou detenção, de um a três anos.

§ 2º - Anulado por qualquer motivo o primeiro casamento, ou o outro por motivo que não a bigamia, considera-se inexistente o crime."
"236","Art. 236 Contrair casamento, induzindo em erro essencial o outro contraente, ou ocultando-lhe impedimento que não seja casamento anterior:

Pena - detenção, de seis meses a dois anos.

Parágrafo único - A ação penal depende de queixa do contraente enganado e não pode ser intentada senão depois de transitar em julgado a sentença que, por motivo de erro ou impedimento, anule o casamento."
"237","Art. 237 Contrair casamento, conhecendo a existência de impedimento que lhe cause a nulidade absoluta:

Pena - detenção, de três meses a um ano."
"238","Art. 238 Atribuir-se falsamente autoridade para celebração de casamento:

Pena - detenção, de um a três anos, se o fato não constitui crime mais grave."
"239","Art. 239 Simular casamento mediante engano de outra pessoa:

Pena - detenção, de um a três anos, se o fato não constitui elemento de crime mais grave."
"240","Art. 240"
"241","Art. 241 Promover no registro civil a inscrição de nascimento inexistente:

Pena - reclusão, de dois a seis anos."
"242","Art. 242 Dar parto alheio como próprio; registrar como seu o filho de outrem; ocultar recém-nascido ou substituí-lo, suprimindo ou alterando direito inerente ao estado civil:

Pena - reclusão, de dois a seis anos.

Parágrafo único - Se o crime é praticado por motivo de reconhecida nobreza:

Pena - detenção, de um a dois anos, podendo o juiz deixar de aplicar a pena."
"243","Art. 243 Deixar em asilo de expostos ou outra instituição de assistência filho próprio ou alheio, ocultando-lhe a filiação ou atribuindo-lhe outra, com o fim de prejudicar direito inerente ao estado civil:

Pena - reclusão, de um a cinco anos, e multa."
"244","Art. 244. Deixar, sem justa causa, de prover a subsistência do cônjuge, ou de filho menor de 18 anos ou inapto para o trabalho, ou de ascendente inválido ou maior de 60 anos, não lhes proporcionando os recursos necessários ou faltando ao pagamento de pensão alimentícia judicialmente acordada, fixada ou majorada; deixar, sem justa causa, de socorrer descendente ou ascendente, gravemente enfermo:

Pena - detenção, de 1 a 4 anos e multa, de uma a dez vezes o maior salário mínimo vigente no País.

Parágrafo único - Nas mesmas penas incide quem, sendo solvente, frustra ou ilide, de qualquer modo, inclusive por abandono injustificado de emprego ou função, o pagamento de pensão alimentícia judicialmente acordada, fixada ou majorada."
"245","Art. 245 Entregar filho menor de 18 anos a pessoa em cuja companhia saiba ou deva saber que o menor fica moral ou materialmente em perigo:

Pena - detenção, de 1 a 2 anos.

§ 1º - A pena é de 1 a 4 anos de reclusão, se o agente pratica delito para obter lucro, ou se o menor é enviado para o exterior.

§ 2º - Incorre, também, na pena do parágrafo anterior quem, embora excluído o perigo moral ou material, auxilia a efetivação de ato destinado ao envio de menor para o exterior, com o fito de obter lucro."
"246","Art. 246 Deixar, sem justa causa, de prover à instrução primária de filho em idade escolar:"
"247","Art. 247 Permitir alguém que menor de dezoito anos, sujeito a seu poder ou confiado à sua guarda ou vigilância:

I - freqüente casa de jogo ou mal-afamada, ou conviva com pessoa viciosa ou de má vida;

II - freqüente espetáculo capaz de pervertê-lo ou de ofender-lhe o pudor, ou participe de representação de igual natureza;

III - resida ou trabalhe em casa de prostituição;

IV - mendigue ou sirva a mendigo para excitar a comiseração pública:

Pena - detenção, de um a três meses, ou multa."
"248","Art. 248 Induzir menor de dezoito anos, ou interdito, a fugir do lugar em que se acha por determinação de quem sobre ele exerce autoridade, em virtude de lei ou de ordem judicial; confiar a outrem sem ordem do pai, do tutor ou do curador algum menor de dezoito anos ou interdito, ou deixar, sem justa causa, de entregá-lo a quem legitimamente o reclame:

Pena - detenção, de um mês a um ano, ou multa."
"249","Art. 249 Subtrair menor de dezoito anos ou interdito ao poder de quem o tem sob sua guarda em virtude de lei ou de ordem judicial:

Pena - detenção, de dois meses a dois anos, se o fato não constitui elemento de outro crime.

§ 1º - O fato de ser o agente pai ou tutor do menor ou curador do interdito não o exime de pena, se destituído ou temporariamente privado do pátrio poder, tutela, curatela ou guarda.

§ 2º - No caso de restituição do menor ou do interdito, se este não sofreu maus-tratos ou privações, o juiz pode deixar de aplicar pena."
"250","Art. 250 Causar incêndio, expondo a perigo a vida, a integridade física ou o patrimônio de outrem:

Pena - reclusão, de três a seis anos, e multa.

Aumento de pena

§ 1º - As penas aumentam-se de um terço:

I - se o crime é cometido com intuito de obter vantagem pecuniária em proveito próprio ou alheio;

II - se o incêndio é:

a) em casa habitada ou destinada a habitação;

b) em edifício público ou destinado a uso público ou a obra de assistência social ou de cultura;

c) em embarcação, aeronave, comboio ou veículo de transporte coletivo;

d) em estação ferroviária ou aeródromo;

e) em estaleiro, fábrica ou oficina;

f) em depósito de explosivo, combustível ou inflamável;

g) em poço petrolífico ou galeria de mineração;

h) em lavoura, pastagem, mata ou floresta.

Incêndio culposo

§ 2º - Se culposo o incêndio, é pena de detenção, de seis meses a dois anos."
"251","Art. 251 Expor a perigo a vida, a integridade física ou o patrimônio de outrem, mediante explosão, arremesso ou simples colocação de engenho de dinamite ou de substância de efeitos análogos:

Pena - reclusão, de três a seis anos, e multa.

§ 1º - Se a substância utilizada não é dinamite ou explosivo de efeitos análogos:

Pena - reclusão, de um a quatro anos, e multa.

Aumento de pena

§ 2º - As penas aumentam-se de um terço, se ocorre qualquer das hipóteses previstas no § 1º, I, do artigo anterior, ou é visada ou atingida qualquer das coisas enumeradas no nº II do mesmo parágrafo.

Modalidade culposa

§ 3º - No caso de culpa, se a explosão é de dinamite ou substância de efeitos análogos, a pena é de detenção, de seis meses a dois anos; nos demais casos, é de detenção, de três meses a um ano."
"252","Art. 252 Expor a perigo a vida, a integridade física ou o patrimônio de outrem, usando de gás tóxico ou asfixiante:

Pena - reclusão, de um a quatro anos, e multa.

Modalidade Culposa

Parágrafo único - Se o crime é culposo:

Pena - detenção, de três meses a um ano."
"253","Art. 253 Fabricar, fornecer, adquirir, possuir ou transportar, sem licença da autoridade, substância ou engenho explosivo, gás tóxico ou asfixiante, ou material destinado à sua fabricação:

Pena - detenção, de seis meses a dois anos, e multa."
"254","Art. 254 Causar inundação, expondo a perigo a vida, a integridade física ou o patrimônio de outrem:

Pena - reclusão, de três a seis anos, e multa, no caso de dolo, ou detenção, de seis meses a dois anos, no caso de culpa."
"255","Art. 255 Remover, destruir ou inutilizar, em prédio próprio ou alheio, expondo a perigo a vida, a integridade física ou o patrimônio de outrem, obstáculo natural ou obra destinada a impedir inundação:

Pena - reclusão, de um a três anos, e multa."
"256","Art. 256 Causar desabamento ou desmoronamento, expondo a perigo a vida, a integridade física ou o patrimônio de outrem:

Pena - reclusão, de um a quatro anos, e multa.

Modalidade culposa

Parágrafo único - Se o crime é culposo:

Pena - detenção, de seis meses a um ano."
"257","Art. 257 Subtrair, ocultar ou inutilizar, por ocasião de incêndio, inundação, naufrágio, ou outro desastre ou calamidade, aparelho, material ou qualquer meio destinado a serviço de combate ao perigo, de socorro ou salvamento; ou impedir ou dificultar serviço de tal natureza:

Pena - reclusão, de dois a cinco anos, e multa."
"258","Art. 258 Se do crime doloso de perigo comum resulta lesão corporal de natureza grave, a pena privativa de liberdade é aumentada de metade; se resulta morte, é aplicada em dobro. No caso de culpa, se do fato resulta lesão corporal, a pena aumenta-se de metade; se resulta morte, aplica-se a pena cominada ao homicídio culposo, aumentada de um terço."
"259","Art. 259 Difundir doença ou praga que possa causar dano a floresta, plantação ou animais de utilidade econômica:

Pena - reclusão, de dois a cinco anos, e multa.

Modalidade culposa

Parágrafo único - No caso de culpa, a pena é de detenção, de um a seis meses, ou multa."
"260","Art. 260 Impedir ou perturbar serviço de estrada de ferro:

I - destruindo, danificando ou desarranjando, total ou parcialmente, linha férrea, material rodante ou de tração, obra-de-arte ou instalação;

II - colocando obstáculo na linha;

III - transmitindo falso aviso acerca do movimento dos veículos ou interrompendo ou embaraçando o funcionamento de telégrafo, telefone ou radiotelegrafia;

IV - praticando outro ato de que possa resultar desastre:

Pena - reclusão, de dois a cinco anos, e multa.

Desastre ferroviário

§ 1º - Se do fato resulta desastre:

Pena - reclusão, de quatro a doze anos e multa.

§ 2º - No caso de culpa, ocorrendo desastre:

Pena - detenção, de seis meses a dois anos.

§ 3º - Para os efeitos deste artigo, entende-se por estrada de ferro qualquer via de comunicação em que circulem veículos de tração mecânica, em trilhos ou por meio de cabo aéreo."
"261","Art. 261 Expor a perigo embarcação ou aeronave, própria ou alheia, ou praticar qualquer ato tendente a impedir ou dificultar navegação marítima, fluvial ou aérea:

Pena - reclusão, de dois a cinco anos.

Sinistro em transporte marítimo, fluvial ou aéreo

§ 1º - Se do fato resulta naufrágio, submersão ou encalhe de embarcação ou a queda ou destruição de aeronave:

Pena - reclusão, de quatro a doze anos.

Prática do crime com o fim de lucro

§ 2º - Aplica-se, também, a pena de multa, se o agente pratica o crime com intuito de obter vantagem econômica, para si ou para outrem.

Modalidade culposa

§ 3º - No caso de culpa, se ocorre o sinistro:

Pena - detenção, de seis meses a dois anos."
"262","Art. 262 Expor a perigo outro meio de transporte público, impedir-lhe ou dificultar-lhe o funcionamento:

Pena - detenção, de um a dois anos.

§ 1º - Se do fato resulta desastre, a pena é de reclusão, de dois a cinco anos.

§ 2º - No caso de culpa, se ocorre desastre:

Pena - detenção, de três meses a um ano."
"263","Art. 263 Se de qualquer dos crimes previstos nos arts. 260 a 262, no caso de desastre ou sinistro, resulta lesão corporal ou morte, aplica-se o disposto no art. 258."
"264","Art. 264 Arremessar projétil contra veículo, em movimento, destinado ao transporte público por terra, por água ou pelo ar:

Pena - detenção, de um a seis meses.

Parágrafo único - Se do fato resulta lesão corporal, a pena é de detenção, de seis meses a dois anos; se resulta morte, a pena é a do art. 121, § 3º, aumentada de um terço."
"265","Art. 265 Atentar contra a segurança ou o funcionamento de serviço de água, luz, força ou calor, ou qualquer outro de utilidade pública:

Pena - reclusão, de um a cinco anos, e multa.

Parágrafo único - Aumentar-se-á a pena de 1/3 até a metade, se o dano ocorrer em virtude de subtração de material essencial ao funcionamento dos serviços."
"266","Art. 266 Interromper ou perturbar serviço telegráfico, radiotelegráfico ou telefônico, impedir ou dificultar-lhe o restabelecimento:

Pena – reclusão, de 2 a 4 anos, e multa.

§ 1 o Incorre na mesma pena quem interrompe serviço telemático ou de informação de utilidade pública, ou impede ou dificulta-lhe o restabelecimento. Vigência

§ 2º Aplicam-se as penas em dobro se o crime é cometido:

I – por ocasião de calamidade pública;

II – mediante subtração, dano ou destruição de equipamento instalado em estrutura utilizada para a prestação de serviços de telecomunicações."
"267","Art. 267 Causar epidemia, mediante a propagação de germes patogênicos:

Pena - reclusão, de dez a quinze anos.

§ 1º - Se do fato resulta morte, a pena é aplicada em dobro.

§ 2º - No caso de culpa, a pena é de detenção, de um a dois anos, ou, se resulta morte, de dois a quatro anos."
"268","Art. 268 Infringir determinação do poder público, destinada a impedir introdução ou propagação de doença contagiosa:

Pena - detenção, de um mês a um ano, e multa.

Parágrafo único - A pena é aumentada de um terço, se o agente é funcionário da saúde pública ou exerce a profissão de médico, farmacêutico, dentista ou enfermeiro."
"269","Art. 269 Deixar o médico de denunciar à autoridade pública doença cuja notificação é compulsória:

Pena - detenção, de seis meses a dois anos, e multa."
"270","Art. 270 Envenenar água potável, de uso comum ou particular, ou substância alimentícia ou medicinal destinada a consumo:

Pena - reclusão, de dez a quinze anos.

§ 1º - Está sujeito à mesma pena quem entrega a consumo ou tem em depósito, para o fim de ser distribuída, a água ou a substância envenenada.

Modalidade culposa

§ 2º - Se o crime é culposo:

Pena - detenção, de seis meses a dois anos."
"271","Art. 271 Corromper ou poluir água potável, de uso comum ou particular, tornando-a imprópria para consumo ou nociva à saúde:

Pena - reclusão, de dois a cinco anos.

Modalidade culposa

Parágrafo único - Se o crime é culposo:

Pena - detenção, de dois meses a um ano."
"272","Art. 272 Corromper, adulterar, falsificar ou alterar substância ou produto alimentício destinado a consumo, tornando-o nociva à saúde ou reduzindo-lhe o valor nutritivo:

Pena - reclusão, de 4 a 8 anos, e multa.

§ 1º-A - Incorre nas penas deste artigo quem fabrica, vende, expõe à venda, importa, tem em depósito para vender ou, de qualquer forma, distribui ou entrega a consumo a substância alimentícia ou o produto falsificado, corrompido ou adulterado.

§ 1º - Está sujeito às mesmas penas quem pratica as ações previstas neste artigo em relação a bebidas, com ou sem teor alcoólico.

Modalidade culposa

§ 2º - Se o crime é culposo:

Pena - detenção, de 1 a 2 anos, e multa."
"273","Art. 273 Falsificar, corromper, adulterar ou alterar produto destinado a fins terapêuticos ou medicinais:

Pena - reclusão, de 10 a 15 anos, e multa.

§ 1º - Nas mesmas penas incorre quem importa, vende, expõe à venda, tem em depósito para vender ou, de qualquer forma, distribui ou entrega a consumo o produto falsificado, corrompido, adulterado ou alterado.

§ 1º-A - Incluem-se entre os produtos a que se refere este artigo os medicamentos, as matérias-primas, os insumos farmacêuticos, os cosméticos, os saneantes e os de uso em diagnóstico.

§ 1º-B - Está sujeito às penas deste artigo quem pratica as ações previstas no § 1º em relação a produtos em qualquer das seguintes condições:

I - sem registro, quando exigível, no órgão de vigilância sanitária competente;

II - em desacordo com a fórmula constante do registro previsto no inciso anterior;

III - sem as características de identidade e qualidade admitidas para a sua comercialização;

IV - com redução de seu valor terapêutico ou de sua atividade; a 3 anos, e multa."
"274","Art. 274 Empregar, no fabrico de produto destinado a consumo, revestimento, gaseificação artificial, matéria corante, substância aromática, anti-séptica, conservadora ou qualquer outra não expressamente permitida pela legislação sanitária:

Pena - reclusão, de 1 a 5 anos, e multa."
"275","Art. 275 Inculcar, em invólucro ou recipiente de produtos alimentícios, terapêuticos ou medicinais, a existência de substância que não se encontra em seu conteúdo ou que nele existe em quantidade menor que a mencionada:

Pena - reclusão, de 1 a 5 anos, e multa."
"276","Art. 276 Vender, expor à venda, ter em depósito para vender ou, de qualquer forma, entregar a consumo produto nas condições dos arts. 274 e 275.

Pena - reclusão, de 1 a 5 anos, e multa."
"277","Art. 277 Vender, expor à venda, ter em depósito ou ceder substância destinada à falsificação de produtos alimentícios, terapêuticos ou medicinais:

Pena - reclusão, de 1 a 5 anos, e multa."
"278","Art. 278 Fabricar, vender, expor à venda, ter em depósito para vender ou, de qualquer forma, entregar a consumo coisa ou substância nociva à saúde, ainda que não destinada à alimentação ou a fim medicinal:

Pena - detenção, de um a três anos, e multa.

Modalidade culposa

Parágrafo único - Se o crime é culposo:

Pena - detenção, de dois meses a um ano."
"279","Art. 279"
"280","Art. 280 Fornecer substância medicinal em desacordo com receita médica:

Pena - detenção, de um a três anos, ou multa.

Modalidade culposa

Parágrafo único - Se o crime é culposo:

Pena - detenção, de dois meses a um ano."
"281","Art. 281."
"282","Art. 282. Exercer, ainda que a título gratuito, a profissão de médico, médico veterinário, dentista ou farmacêutico, sem autorização legal ou excedendo-lhe os limites:

Pena – detenção, de 6 meses a 2 anos.

§ 1º Se o crime é praticado com o fim de lucro, aplica-se também multa.

§ 2º Se do crime resulta lesão corporal de natureza grave ou gravíssima, responde também o agente pelos crimes descritos nos §§ 1º e 2º do art. 129 deste Código.

§ 3º Se do crime resulta morte, responde também o agente pelo crime de homicídio, nos termos do art. 121 deste Código.

§ 4º Se do crime resulta lesão ou morte de animal, responde também o agente pelo crime previsto no art. 32 da Lei nº 9.605, de 12 de fevereiro de 1998.

§ 5º Incorre na conduta prevista no caput deste artigo o agente que exerce a profissão durante o período de suspensão ou após o cancelamento da habilitação ou do registro profissional."
"283","Art. 283 Inculcar ou anunciar cura por meio secreto ou infalível:

Pena - detenção, de três meses a um ano, e multa."
"284","Art. 284 Exercer o curandeirismo:

I - prescrevendo, ministrando ou aplicando, habitualmente, qualquer substância;

II - usando gestos, palavras ou qualquer outro meio;

III - fazendo diagnósticos:

Pena - detenção, de seis meses a dois anos.

Parágrafo único - Se o crime é praticado mediante remuneração, o agente fica também sujeito à multa."
"285","Art. 285 Aplica-se o disposto no art. 258 aos crimes previstos neste Capítulo, salvo quanto ao definido no art. 267."
"286","Art. 286 Incitar, publicamente, a prática de crime:

Pena - detenção, de três a seis meses, ou multa.

Parágrafo único. Incorre na mesma pena quem incita, publicamente, animosidade entre as Forças Armadas, ou delas contra os poderes constitucionais, as instituições civis ou a sociedade."
"287","Art. 287 Fazer, publicamente, apologia de fato criminoso ou de autor de crime:

Pena - detenção, de três a seis meses, ou multa."
"288","Art. 288. Associarem-se 3 ou mais pessoas, para o fim específico de cometer crimes:

Pena - reclusão, de 1 a 3 anos.

§ 1º A pena aumenta-se até a metade se a associação é armada ou se houver a participação de criança ou adolescente.

§ 2º Incorre na pena prevista no caput deste artigo quem, de qualquer modo, solicitar ou contratar o cometimento de crime a integrante de associação criminosa, independentemente da aplicação da pena correspondente ao crime solicitado ou contratado."
"288-A","Art. 288 A. Constituir, organizar, integrar, manter ou custear organização paramilitar, milícia particular, grupo ou esquadrão com a finalidade de praticar qualquer dos crimes previstos neste Código:

Pena - reclusão, de 4 a 8 anos."
"289","Art. 289 Falsificar, fabricando-a ou alterando-a, moeda metálica ou papel-moeda de curso legal no país ou no estrangeiro:

Pena - reclusão, de três a doze anos, e multa.

§ 1º - Nas mesmas penas incorre quem, por conta própria ou alheia, importa ou exporta, adquire, vende, troca, cede, empresta, guarda ou introduz na circulação moeda falsa.

§ 2º - Quem, tendo recebido de boa-fé, como verdadeira, moeda falsa ou alterada, a restitui à circulação, depois de conhecer a falsidade, é punido com detenção, de seis meses a dois anos, e multa.

§ 3º - É punido com reclusão, de três a quinze anos, e multa, o funcionário público ou diretor, gerente, ou fiscal de banco de emissão que fabrica, emite ou autoriza a fabricação ou emissão:

I - de moeda com título ou peso inferior ao determinado em lei;

II - de papel-moeda em quantidade superior à autorizada.

§ 4º - Nas mesmas penas incorre quem desvia e faz circular moeda, cuja circulação não estava ainda autorizada."
"290","Art. 290 Formar cédula, nota ou bilhete representativo de moeda com fragmentos de cédulas, notas ou bilhetes verdadeiros; suprimir, em nota, cédula ou bilhete recolhidos, para o fim de restituí-los à circulação, sinal indicativo de sua inutilização; restituir à circulação cédula, nota ou bilhete em tais condições, ou já recolhidos para o fim de inutilização:

Pena - reclusão, de dois a oito anos, e multa.

Parágrafo único - O máximo da reclusão é elevado a doze anos e multa, se o crime é cometido por funcionário que trabalha na repartição onde o dinheiro se achava recolhido, ou nela tem fácil ingresso, em razão do cargo."
"291","Art. 291 Fabricar, adquirir, fornecer, a título oneroso ou gratuito, possuir ou guardar maquinismo, aparelho, instrumento ou qualquer objeto especialmente destinado à falsificação de moeda:

Pena - reclusão, de dois a seis anos, e multa."
"292","Art. 292 Emitir, sem permissão legal, nota, bilhete, ficha, vale ou título que contenha promessa de pagamento em dinheiro ao portador ou a que falte indicação do nome da pessoa a quem deva ser pago:

Pena - detenção, de um a seis meses, ou multa.

Parágrafo único - Quem recebe ou utiliza como dinheiro qualquer dos documentos referidos neste artigo incorre na pena de detenção, de quinze dias a três meses, ou multa."
"293","Art. 293 Falsificar, fabricando-os ou alterando-os:

I – selo destinado a controle tributário, papel selado ou qualquer papel de emissão legal destinado à arrecadação de tributo;

II - papel de crédito público que não seja moeda de curso legal;

III - vale postal;

IV - cautela de penhor, caderneta de depósito de caixa econômica ou de outro estabelecimento mantido por entidade de direito público;

V - talão, recibo, guia, alvará ou qualquer outro documento relativo a arrecadação de rendas públicas ou a depósito ou caução por que o poder público seja responsável;

VI - bilhete, passe ou conhecimento de empresa de transporte administrada pela União, por Estado ou por Município:

Pena - reclusão, de dois a oito anos, e multa.

§ 1 o Incorre na mesma pena quem:

I – usa, guarda, possui ou detém qualquer dos papéis falsificados a que se refere este artigo;

II – importa, exporta, adquire, vende, troca, cede, empresta, guarda, fornece ou restitui à circulação selo falsificado destinado a controle tributário;

III – importa, exporta, adquire, vende, expõe à venda, mantém em depósito, guarda, troca, cede, empresta, fornece, porta ou, de qualquer forma, utiliza em proveito próprio ou alheio, no exercício de atividade comercial ou industrial, produto ou mercadoria:

a) em que tenha sido aplicado selo que se destine a controle tributário, falsificado;

b) sem selo oficial, nos casos em que a legislação tributária determina a obrigatoriedade de sua aplicação.

§ 2º - Suprimir, em qualquer desses papéis, quando legítimos, com o fim de torná-los novamente utilizáveis, carimbo ou sinal indicativo de sua inutilização:

Pena - reclusão, de um a quatro anos, e multa.

§ 3º - Incorre na mesma pena quem usa, depois de alterado, qualquer dos papéis a que se refere o parágrafo anterior.

§ 4º - Quem usa ou restitui à circulação, embora recebido de boa-fé, qualquer dos papéis falsificados ou alterados, a que se referem este artigo e o seu § 2º, depois de conhecer a falsidade ou alteração, incorre na pena de detenção, de seis meses a dois anos, ou multa.

§ 5 o Equipara-se a atividade comercial, para os fins do inciso III do § 1 o , qualquer forma de comércio irregular ou clandestino, inclusive o exercido em vias, praças ou outros logradouros públicos e em residências."
"294","Art. 294 Fabricar, adquirir, fornecer, possuir ou guardar objeto especialmente destinado à falsificação de qualquer dos papéis referidos no artigo anterior:"
"295","Art. 295 Se o agente é funcionário público, e comete o crime prevalecendo-se do cargo, aumenta-se a pena de sexta parte."
"296","Art. 296 Falsificar, fabricando-os ou alterando-os:

I - selo público destinado a autenticar atos oficiais da União, de Estado ou de Município;

II - selo ou sinal atribuído por lei a entidade de direito público, ou a autoridade, ou sinal público de tabelião:

Pena - reclusão, de dois a seis anos, e multa.

§ 1º - Incorre nas mesmas penas:

I - quem faz uso do selo ou sinal falsificado;

II - quem utiliza indevidamente o selo ou sinal verdadeiro em prejuízo de outrem ou em proveito próprio ou alheio.

III - quem altera, falsifica ou faz uso indevido de marcas, logotipos, siglas ou quaisquer outros símbolos utilizados ou identificadores de órgãos ou entidades da Administração Pública.

§ 2º - Se o agente é funcionário público, e comete o crime prevalecendo-se do cargo, aumenta-se a pena de sexta parte."
"297","Art. 297 Falsificar, no todo ou em parte, documento público, ou alterar documento público verdadeiro:

Pena - reclusão, de dois a seis anos, e multa.

§ 1º - Se o agente é funcionário público, e comete o crime prevalecendo-se do cargo, aumenta-se a pena de sexta parte.

§ 2º - Para os efeitos penais, equiparam-se a documento público o emanado de entidade paraestatal, o título ao portador ou transmissível por endosso, as ações de sociedade comercial, os livros mercantis e o testamento particular.

§ 3 o Nas mesmas penas incorre quem insere ou faz inserir:

I – na folha de pagamento ou em documento de informações que seja destinado a fazer prova perante a previdência social, pessoa que não possua a qualidade de segurado obrigatório;

II – na Carteira de Trabalho e Previdência Social do empregado ou em documento que deva produzir efeito perante a previdência social, declaração falsa ou diversa da que deveria ter sido escrita;

III – em documento contábil ou em qualquer outro documento relacionado com as obrigações da empresa perante a previdência social, declaração falsa ou diversa da que deveria ter constado.

§ 4 o Nas mesmas penas incorre quem omite, nos documentos mencionados no § 3 o , nome do segurado e seus dados pessoais, a remuneração, a vigência do contrato de trabalho ou de prestação de serviços."
"298","Art. 298 Falsificar, no todo ou em parte, documento particular ou alterar documento particular verdadeiro:

Pena - reclusão, de um a cinco anos, e multa.

Falsificação de cartão Vigência

Parágrafo único. Para fins do disposto no caput , equipara-se a documento particular o cartão de crédito ou débito. Vigência"
"299","Art. 299 Omitir, em documento público ou particular, declaração que dele devia constar, ou nele inserir ou fazer inserir declaração falsa ou diversa da que devia ser escrita, com o fim de prejudicar direito, criar obrigação ou alterar a verdade sobre fato juridicamente relevante:

Pena - reclusão, de um a cinco anos, e multa, se o documento é público, e reclusão de um a três anos, e multa, de quinhentos mil réis a cinco contos de réis, se o documento é particular.

Parágrafo único - Se o agente é funcionário público, e comete o crime prevalecendo-se do cargo, ou se a falsificação ou alteração é de assentamento de registro civil, aumenta-se a pena de sexta parte."
"300","Art. 300 Reconhecer, como verdadeira, no exercício de função pública, firma ou letra que o não seja:

Pena - reclusão, de um a cinco anos, e multa, se o documento é público; e de um a três anos, e multa, se o documento é particular."
"301","Art. 301 Atestar ou certificar falsamente, em razão de função pública, fato ou circunstância que habilite alguém a obter cargo público, isenção de ônus ou de serviço de caráter público, ou qualquer outra vantagem:

Pena - detenção, de dois meses a um ano.

Falsidade material de atestado ou certidão

§ 1º - Falsificar, no todo ou em parte, atestado ou certidão, ou alterar o teor de certidão ou de atestado verdadeiro, para prova de fato ou circunstância que habilite alguém a obter cargo público, isenção de ônus ou de serviço de caráter público, ou qualquer outra vantagem:

Pena - detenção, de três meses a dois anos.

§ 2º - Se o crime é praticado com o fim de lucro, aplica-se, além da pena privativa de liberdade, a de multa."
"302","Art. 302 Dar o médico, no exercício da sua profissão, atestado falso:

Pena - detenção, de um mês a um ano.

Parágrafo único - Se o crime é cometido com o fim de lucro, aplica-se também multa."
"303","Art. 303 Reproduzir ou alterar selo ou peça filatélica que tenha valor para coleção, salvo quando a reprodução ou a alteração está visivelmente anotada na face ou no verso do selo ou peça:

Pena - detenção, de um a três anos, e multa.

Parágrafo único - Na mesma pena incorre quem, para fins de comércio, faz uso do selo ou peça filatélica."
"304","Art. 304 Fazer uso de qualquer dos papéis falsificados ou alterados, a que se referem os arts. 297 a 302:

Pena - a cominada à falsificação ou à alteração."
"305","Art. 305 Destruir, suprimir ou ocultar, em benefício próprio ou de outrem, ou em prejuízo alheio, documento público ou particular verdadeiro, de que não podia dispor:

Pena - reclusão, de dois a seis anos, e multa, se o documento é público, e reclusão, de um a cinco anos, e multa, se o documento é particular."
"306","Art. 306 Falsificar, fabricando-o ou alterando-o, marca ou sinal empregado pelo poder público no contraste de metal precioso ou na fiscalização alfandegária, ou usar marca ou sinal dessa natureza, falsificado por outrem:

Pena - reclusão, de dois a seis anos, e multa.

Parágrafo único - Se a marca ou sinal falsificado é o que usa a autoridade pública para o fim de fiscalização sanitária, ou para autenticar ou encerrar determinados objetos, ou comprovar o cumprimento de formalidade legal:

Pena - reclusão ou detenção, de um a três anos, e multa."
"307","Art. 307 Atribuir-se ou atribuir a terceiro falsa identidade para obter vantagem, em proveito próprio ou alheio, ou para causar dano a outrem:"
"308","Art. 308 Usar, como próprio, passaporte, título de eleitor, caderneta de reservista ou qualquer documento de identidade alheia ou ceder a outrem, para que dele se utilize, documento dessa natureza, próprio ou de terceiro:

Pena - detenção, de quatro meses a dois anos, e multa, se o fato não constitui elemento de crime mais grave."
"309","Art. 309 Usar o estrangeiro, para entrar ou permanecer no território nacional, nome que não é o seu:

Pena - detenção, de um a três anos, e multa.

Parágrafo único - Atribuir a estrangeiro falsa qualidade para promover-lhe a entrada em território nacional:"
"310","Art. 310 Prestar-se a figurar como proprietário ou possuidor de ação, título ou valor pertencente a estrangeiro, nos casos em que a este é vedada por lei a propriedade ou a posse de tais bens:

Pena - detenção, de seis meses a três anos, e multa."
"311","Art. 311. Adulterar, remarcar ou suprimir número de chassi, monobloco, motor, placa de identificação, ou qualquer sinal identificador de veículo automotor, elétrico, híbrido, de reboque, de semirreboque ou de suas combinações, bem como de seus componentes ou equipamentos, sem autorização do órgão competente:

Pena - reclusão, de três a seis anos, e multa.

§ 1º - Se o agente comete o crime no exercício da função pública ou em razão dela, a pena é aumentada de um terço.

§ 2º Incorrem nas mesmas penas do caput deste artigo:

I – o funcionário público que contribui para o licenciamento ou registro do veículo remarcado ou adulterado, fornecendo indevidamente material ou informação oficial;

II – aquele que adquire, recebe, transporta, oculta, mantém em depósito, fabrica, fornece, a título oneroso ou gratuito, possui ou guarda maquinismo, aparelho, instrumento ou objeto especialmente destinado à falsificação e/ou adulteração de que trata o caput deste artigo; ou

III – aquele que adquire, recebe, transporta, conduz, oculta, mantém em depósito, desmonta, monta, remonta, vende, expõe à venda, ou de qualquer forma utiliza, em proveito próprio ou alheio, veículo automotor, elétrico, híbrido, de reboque, semirreboque ou suas combinações ou partes, com número de chassi ou monobloco, placa de identificação ou qualquer sinal identificador veicular que devesse saber estar adulterado ou remarcado.

§ 3º Praticar as condutas de que tratam os incisos II ou III do § 2º deste artigo no exercício de atividade comercial ou industrial:

Pena - reclusão, de 4 a 8 anos, e multa.

§ 4º Equipara-se a atividade comercial, para efeito do disposto no § 3º deste artigo, qualquer forma de comércio irregular ou clandestino, inclusive aquele exercido em residência."
"311-A","Art. 311 A. Utilizar ou divulgar, indevidamente, com o fim de beneficiar a si ou a outrem, ou de comprometer a credibilidade do certame, conteúdo sigiloso de:

I - concurso público;

II - avaliação ou exame públicos;

III - processo seletivo para ingresso no ensino superior; ou

IV - exame ou processo seletivo previstos em lei:

Pena - reclusão, de 1 a 4 anos, e multa.

§ 1 o Nas mesmas penas incorre quem permite ou facilita, por qualquer meio, o acesso de pessoas não autorizadas às informações mencionadas no caput .

§ 2 o Se da ação ou omissão resulta dano à administração pública:

Pena - reclusão, de 2 a 6 anos, e multa.

§ 3 o Aumenta-se a pena de 1/3 se o fato é cometido por funcionário público."
"312","Art. 312 Apropriar-se o funcionário público de dinheiro, valor ou qualquer outro bem móvel, público ou particular, de que tem a posse em razão do cargo, ou desviá-lo, em proveito próprio ou alheio:

Pena - reclusão, de dois a doze anos, e multa.

§ 1º - Aplica-se a mesma pena, se o funcionário público, embora não tendo a posse do dinheiro, valor ou bem, o subtrai, ou concorre para que seja subtraído, em proveito próprio ou alheio, valendo-se de facilidade que lhe proporciona a qualidade de funcionário.

Peculato culposo

§ 2º - Se o funcionário concorre culposamente para o crime de outrem:

Pena - detenção, de três meses a um ano.

§ 3º - No caso do parágrafo anterior, a reparação do dano, se precede à sentença irrecorrível, extingue a punibilidade; se lhe é posterior, reduz de metade a pena imposta."
"313","Art. 313 Apropriar-se de dinheiro ou qualquer utilidade que, no exercício do cargo, recebeu por erro de outrem:

Pena - reclusão, de um a quatro anos, e multa."
"313-A","Art. 313 A. Inserir ou facilitar, o funcionário autorizado, a inserção de dados falsos, alterar ou excluir indevidamente dados corretos nos sistemas informatizados ou bancos de dados da Administração Pública com o fim de obter vantagem indevida para si ou para outrem ou para causar dano: )

Pena – reclusão, de 2 a 12 anos, e multa."
"313-B","Art. 313 B. Modificar ou alterar, o funcionário, sistema de informações ou programa de informática sem autorização ou solicitação de autoridade competente:

Pena – detenção, de 3 meses a 2 anos, e multa.

Parágrafo único. As penas são aumentadas de um terço até a metade se da modificação ou alteração resulta dano para a Administração Pública ou para o administrado."
"314","Art. 314 Extraviar livro oficial ou qualquer documento, de que tem a guarda em razão do cargo; sonegá-lo ou inutilizá-lo, total ou parcialmente:

Pena - reclusão, de um a quatro anos, se o fato não constitui crime mais grave."
"315","Art. 315 Dar às verbas ou rendas públicas aplicação diversa da estabelecida em lei:

Pena - detenção, de um a três meses, ou multa."
"316","Art. 316 Exigir, para si ou para outrem, direta ou indiretamente, ainda que fora da função ou antes de assumi-la, mas em razão dela, vantagem indevida:

Pena - reclusão, de 2 a 12 anos, e multa.

Excesso de exação

§ 1º - Se o funcionário exige tributo ou contribuição social que sabe ou deveria saber indevido, ou, quando devido, emprega na cobrança meio vexatório ou gravoso, que a lei não autoriza:

Pena - reclusão, de 3 a 8 anos, e multa.

§ 2º - Se o funcionário desvia, em proveito próprio ou de outrem, o que recebeu indevidamente para recolher aos cofres públicos:

Pena - reclusão, de dois a doze anos, e multa."
"317","Art. 317 Solicitar ou receber, para si ou para outrem, direta ou indiretamente, ainda que fora da função ou antes de assumi-la, mas em razão dela, vantagem indevida, ou aceitar promessa de tal vantagem:

Pena – reclusão, de 2 a 12 anos, e multa.

§ 1º - A pena é aumentada de um terço, se, em conseqüência da vantagem ou promessa, o funcionário retarda ou deixa de praticar qualquer ato de ofício ou o pratica infringindo dever funcional.

§ 2º - Se o funcionário pratica, deixa de praticar ou retarda ato de ofício, com infração de dever funcional, cedendo a pedido ou influência de outrem:

Pena - detenção, de três meses a um ano, ou multa."
"318","Art. 318 Facilitar, com infração de dever funcional, a prática de contrabando ou descaminho:

Pena - reclusão, de 3 a 8 anos, e multa."
"319","Art. 319 Retardar ou deixar de praticar, indevidamente, ato de ofício, ou praticá-lo contra disposição expressa de lei, para satisfazer interesse ou sentimento pessoal:"
"319-A","Art. 319 A. Deixar o Diretor de Penitenciária e/ou agente público, de cumprir seu dever de vedar ao preso o acesso a aparelho telefônico, de rádio ou similar, que permita a comunicação com outros presos ou com o ambiente externo:.

Pena: detenção, de 3 meses a 1 ano."
"320","Art. 320 Deixar o funcionário, por indulgência, de responsabilizar subordinado que cometeu infração no exercício do cargo ou, quando lhe falte competência, não levar o fato ao conhecimento da autoridade competente:

Pena - detenção, de quinze dias a um mês, ou multa."
"321","Art. 321 Patrocinar, direta ou indiretamente, interesse privado perante a administração pública, valendo-se da qualidade de funcionário:

Pena - detenção, de um a três meses, ou multa.

Parágrafo único - Se o interesse é ilegítimo:

Pena - detenção, de três meses a um ano, além da multa."
"322","Art. 322 Praticar violência, no exercício de função ou a pretexto de exercê-la:

Pena - detenção, de seis meses a três anos, além da pena correspondente à violência."
"323","Art. 323 Abandonar cargo público, fora dos casos permitidos em lei:

Pena - detenção, de quinze dias a um mês, ou multa.

§ 1º - Se do fato resulta prejuízo público:

Pena - detenção, de três meses a um ano, e multa.

§ 2º - Se o fato ocorre em lugar compreendido na faixa de fronteira:

Pena - detenção, de um a três anos, e multa."
"324","Art. 324 Entrar no exercício de função pública antes de satisfeitas as exigências legais, ou continuar a exercê-la, sem autorização, depois de saber oficialmente que foi exonerado, removido, substituído ou suspenso:

Pena - detenção, de quinze dias a um mês, ou multa."
"325","Art. 325 Revelar fato de que tem ciência em razão do cargo e que deva permanecer em segredo, ou facilitar-lhe a revelação:

Pena - detenção, de seis meses a dois anos, ou multa, se o fato não constitui crime mais grave.

§ 1 o Nas mesmas penas deste artigo incorre quem:

I – permite ou facilita, mediante atribuição, fornecimento e empréstimo de senha ou qualquer outra forma, o acesso de pessoas não autorizadas a sistemas de informações ou banco de dados da Administração Pública;

II – se utiliza, indevidamente, do acesso restrito.

§ 2 o Se da ação ou omissão resulta dano à Administração Pública ou a outrem:

Pena – reclusão, de 2 a 6 anos, e multa."
"326","Art. 326 Devassar o sigilo de proposta de concorrência pública, ou proporcionar a terceiro o ensejo de devassá-lo:

Pena - Detenção, de três meses a um ano, e multa."
"327","Art. 327 Considera-se funcionário público, para os efeitos penais, quem, embora transitoriamente ou sem remuneração, exerce cargo, emprego ou função pública.

§ 1º - Equipara-se a funcionário público quem exerce cargo, emprego ou função em entidade paraestatal, e quem trabalha para empresa prestadora de serviço contratada ou conveniada para a execução de atividade típica da Administração Pública.

§ 2º - A pena será aumentada da terça parte quando os autores dos crimes previstos neste Capítulo forem ocupantes de cargos em comissão ou de função de direção ou assessoramento de órgão da administração direta, sociedade de economia mista, empresa pública ou fundação instituída pelo poder público."
"328","Art. 328 Usurpar o exercício de função pública:

Pena - detenção, de três meses a dois anos, e multa.

Parágrafo único - Se do fato o agente aufere vantagem:

Pena - reclusão, de dois a cinco anos, e multa."
"329","Art. 329 Opor-se à execução de ato legal, mediante violência ou ameaça a funcionário competente para executá-lo ou a quem lhe esteja prestando auxílio:

Pena - detenção, de dois meses a dois anos.

§ 1º - Se o ato, em razão da resistência, não se executa:

Pena - reclusão, de um a três anos.

§ 2º - As penas deste artigo são aplicáveis sem prejuízo das correspondentes à violência."
"330","Art. 330 Desobedecer a ordem legal de funcionário público:

Pena - detenção, de quinze dias a seis meses, e multa."
"331","Art. 331 Desacatar funcionário público no exercício da função ou em razão dela:

Pena - detenção, de seis meses a dois anos, ou multa."
"332","Art. 332 Solicitar, exigir, cobrar ou obter, para si ou para outrem, vantagem ou promessa de vantagem, a pretexto de influir em ato praticado por funcionário público no exercício da função:

Pena - reclusão, de 2 a 5 anos, e multa.

Parágrafo único - A pena é aumentada da metade, se o agente alega ou insinua que a vantagem é também destinada ao funcionário."
"333","Art. 333 Oferecer ou prometer vantagem indevida a funcionário público, para determiná-lo a praticar, omitir ou retardar ato de ofício:

Pena – reclusão, de 2 a 12 anos, e multa.

Parágrafo único - A pena é aumentada de um terço, se, em razão da vantagem ou promessa, o funcionário retarda ou omite ato de ofício, ou o pratica infringindo dever funcional."
"334","Art. 334. Iludir, no todo ou em parte, o pagamento de direito ou imposto devido pela entrada, pela saída ou pelo consumo de mercadoria

Pena - reclusão, de 1 a 4 anos.

§ 1 o Incorre na mesma pena quem:

I - pratica navegação de cabotagem, fora dos casos permitidos em lei;

II - pratica fato assimilado, em lei especial, a descaminho;

III - vende, expõe à venda, mantém em depósito ou, de qualquer forma, utiliza em proveito próprio ou alheio, no exercício de atividade comercial ou industrial, mercadoria de procedência estrangeira que introduziu clandestinamente no País ou importou fraudulentamente ou que sabe ser produto de introdução clandestina no território nacional ou de importação fraudulenta por parte de outrem;

IV - adquire, recebe ou oculta, em proveito próprio ou alheio, no exercício de atividade comercial ou industrial, mercadoria de procedência estrangeira, desacompanhada de documentação legal ou acompanhada de documentos que sabe serem falsos.

§ 2 o Equipara-se às atividades comerciais, para os efeitos deste artigo, qualquer forma de comércio irregular ou clandestino de mercadorias estrangeiras, inclusive o exercido em residências.

§ 3 o A pena aplica-se em dobro se o crime de descaminho é praticado em transporte aéreo, marítimo ou fluvial."
"334-A","Art. 334 A. Importar ou exportar mercadoria proibida:

Pena - reclusão, de 2 a 5 anos.

§ 1 o Incorre na mesma pena quem:

I - pratica fato assimilado, em lei especial, a contrabando;

II - importa ou exporta clandestinamente mercadoria que dependa de registro, análise ou autorização de órgão público competente;

III - reinsere no território nacional mercadoria brasileira destinada à exportação;

IV - vende, expõe à venda, mantém em depósito ou, de qualquer forma, utiliza em proveito próprio ou alheio, no exercício de atividade comercial ou industrial, mercadoria proibida pela lei brasileira;

V - adquire, recebe ou oculta, em proveito próprio ou alheio, no exercício de atividade comercial ou industrial, mercadoria proibida pela lei brasileira.

§ 2º - Equipara-se às atividades comerciais, para os efeitos deste artigo, qualquer forma de comércio irregular ou clandestino de mercadorias estrangeiras, inclusive o exercido em residências.

§ 3 o A pena aplica-se em dobro se o crime de contrabando é praticado em transporte aéreo, marítimo ou fluvial."
"335","Art. 335 Impedir, perturbar ou fraudar concorrência pública ou venda em hasta pública, promovida pela administração federal, estadual ou municipal, ou por entidade paraestatal; afastar ou procurar afastar concorrente ou licitante, por meio de violência, grave ameaça, fraude ou oferecimento de vantagem:

Pena - detenção, de seis meses a dois anos, ou multa, além da pena correspondente à violência.

Parágrafo único - Incorre na mesma pena quem se abstém de concorrer ou licitar, em razão da vantagem oferecida."
"336","Art. 336 Rasgar ou, de qualquer forma, inutilizar ou conspurcar edital afixado por ordem de funcionário público; violar ou inutilizar selo ou sinal empregado, por determinação legal ou por ordem de funcionário público, para identificar ou cerrar qualquer objeto:

Pena - detenção, de um mês a um ano, ou multa."
"337","Art. 337 Subtrair, ou inutilizar, total ou parcialmente, livro oficial, processo ou documento confiado à custódia de funcionário, em razão de ofício, ou de particular em serviço público:

Pena - reclusão, de dois a cinco anos, se o fato não constitui crime mais grave."
"337-A","Art. 337 A. Suprimir ou reduzir contribuição social previdenciária e qualquer acessório, mediante as seguintes condutas:

I – omitir de folha de pagamento da empresa ou de documento de informações previsto pela legislação previdenciária segurados empregado, empresário, trabalhador avulso ou trabalhador autônomo ou a este equiparado que lhe prestem serviços;

II – deixar de lançar mensalmente nos títulos próprios da contabilidade da empresa as quantias descontadas dos segurados ou as devidas pelo empregador ou pelo tomador de serviços;

III – omitir, total ou parcialmente, receitas ou lucros auferidos, remunerações pagas ou creditadas e demais fatos geradores de contribuições sociais previdenciárias:

Pena – reclusão, de 2 a 5 anos, e multa.

§ 1 o É extinta a punibilidade se o agente, espontaneamente, declara e confessa as contribuições, importâncias ou valores e presta as informações devidas à previdência social, na forma definida em lei ou regulamento, antes do início da ação fiscal.

§ 2 o É facultado ao juiz deixar de aplicar a pena ou aplicar somente a de multa se o agente for primário e de bons antecedentes, desde que:

I –

II – o valor das contribuições devidas, inclusive acessórios, seja igual ou inferior àquele estabelecido pela previdência social, administrativamente, como sendo o mínimo para o ajuizamento de suas execuções fiscais.

§ 3 o Se o empregador não é pessoa jurídica e sua folha de pagamento mensal não ultrapassa R$ 1.510,00, o juiz poderá reduzir a pena de um terço até a metade ou aplicar apenas a de multa.

§ 4 o O valor a que se refere o parágrafo anterior será reajustado nas mesmas datas e nos mesmos índices do reajuste dos benefícios da previdência social.

§ 5º A extinção de punibilidade de que trata o § 1º deste artigo não se aplica ao agente declarado devedor contumaz em decisão administrativa definitiva e inscrito no Cadastro Informativo dos créditos não quitados do setor público federal, previsto na Lei nº 10.522, de 19 de julho de 2002.

§ 6º O fato de o agente deixar de ser considerado devedor contumaz não afasta o disposto no § 5º deste artigo em relação aos atos praticados no período em que era assim considerado."
"337-B","Art. 337 B. Prometer, oferecer ou dar, direta ou indiretamente, vantagem indevida a funcionário público estrangeiro, ou a terceira pessoa, para determiná-lo a praticar, omitir ou retardar ato de ofício relacionado à transação comercial internacional:

Pena – reclusão, de 1 a 8 anos, e multa.

Parágrafo único. A pena é aumentada de 1/3, se, em razão da vantagem ou promessa, o funcionário público estrangeiro retarda ou omite o ato de ofício, ou o pratica infringindo dever funcional."
"337-C","Art. 337 C. Solicitar, exigir, cobrar ou obter, para si ou para outrem, direta ou indiretamente, vantagem ou promessa de vantagem a pretexto de influir em ato praticado por funcionário público estrangeiro no exercício de suas funções, relacionado a transação comercial internacional:

Pena – reclusão, de 2 a 5 anos, e multa.

Parágrafo único. A pena é aumentada da metade, se o agente alega ou insinua que a vantagem é também destinada a funcionário estrangeiro."
"337-D","Art. 337 D. Considera-se funcionário público estrangeiro, para os efeitos penais, quem, ainda que transitoriamente ou sem remuneração, exerce cargo, emprego ou função pública em entidades estatais ou em representações diplomáticas de país estrangeiro.

Parágrafo único. Equipara-se a funcionário público estrangeiro quem exerce cargo, emprego ou função em empresas controladas, diretamente ou indiretamente, pelo Poder Público de país estrangeiro ou em organizações públicas internacionais."
"337-E","Art. 337 E. Admitir, possibilitar ou dar causa à contratação direta fora das hipóteses previstas em lei:

Pena - reclusão, de 4 a 8 anos, e multa."
"337-F","Art. 337 F. Frustrar ou fraudar, com o intuito de obter para si ou para outrem vantagem decorrente da adjudicação do objeto da licitação, o caráter competitivo do processo licitatório :

Pena - reclusão, de 4 anos a 8 anos, e multa."
"337-G","Art. 337 G. Patrocinar, direta ou indiretamente, interesse privado perante a Administração Pública, dando causa à instauração de licitação ou à celebração de contrato cuja invalidação vier a ser decretada pelo Poder Judiciário:

Pena - reclusão, de 6 meses a 3 anos, e multa."
"337-H","Art. 337 H. Admitir, possibilitar ou dar causa a qualquer modificação ou vantagem, inclusive prorrogação contratual, em favor do contratado, durante a execução dos contratos celebrados com a Administração Pública, sem autorização em lei, no edital da licitação ou nos respectivos instrumentos contratuais, ou, ainda, pagar fatura com preterição da ordem cronológica de sua exigibilidade:

Pena - reclusão, de 4 anos a 8 anos, e multa."
"337-I","Art. 337 I. Impedir, perturbar ou fraudar a realização de qualquer ato de processo licitatório:

Pena - detenção, de 6 meses a 3 anos, e multa."
"337-J","Art. 337 J. Devassar o sigilo de proposta apresentada em processo licitatório ou proporcionar a terceiro o ensejo de devassá-lo:

Pena - detenção, de 2 anos a 3 anos, e multa."
"337-K","Art. 337 K. Afastar ou tentar afastar licitante por meio de violência, grave ameaça, fraude ou oferecimento de vantagem de qualquer tipo:

Pena - reclusão, de 3 anos a 5 anos, e multa, além da pena correspondente à violência.

Parágrafo único. Incorre na mesma pena quem se abstém ou desiste de licitar em razão de vantagem oferecida."
"337-L","Art. 337 L. Fraudar, em prejuízo da Administração Pública, licitação ou contrato dela decorrente, mediante:

I - entrega de mercadoria ou prestação de serviços com qualidade ou em quantidade diversas das previstas no edital ou nos instrumentos contratuais;

II - fornecimento, como verdadeira ou perfeita, de mercadoria falsificada, deteriorada, inservível para consumo ou com prazo de validade vencido;

III - entrega de uma mercadoria por outra;

IV - alteração da substância, qualidade ou quantidade da mercadoria ou do serviço fornecido;

V - qualquer meio fraudulento que torne injustamente mais onerosa para a Administração Pública a proposta ou a execução do contrato:

Pena - reclusão, de 4 anos a 8 anos, e multa."
"337-M","Art. 337 M. Admitir à licitação empresa ou profissional declarado inidôneo:

Pena - reclusão, de 1 ano a 3 anos, e multa.

§ 1º Celebrar contrato com empresa ou profissional declarado inidôneo:

Pena - reclusão, de 3 anos a 6 anos, e multa.

§ 2º Incide na mesma pena do caput deste artigo aquele que, declarado inidôneo, venha a participar de licitação e, na mesma pena do § 1º deste artigo, aquele que, declarado inidôneo, venha a contratar com a Administração Pública."
"337-N","Art. 337 N. Obstar, impedir ou dificultar injustamente a inscrição de qualquer interessado nos registros cadastrais ou promover indevidamente a alteração, a suspensão ou o cancelamento de registro do inscrito:

Pena - reclusão, de 6 meses a 2 anos, e multa."
"337-O","Art. 337 O. Omitir, modificar ou entregar à Administração Pública levantamento cadastral ou condição de contorno em relevante dissonância com a realidade, em frustração ao caráter competitivo da licitação ou em detrimento da seleção da proposta mais vantajosa para a Administração Pública, em contratação para a elaboração de projeto básico, projeto executivo ou anteprojeto, em diálogo competitivo ou em procedimento de manifestação de interesse:

Pena - reclusão, de 6 meses a 3 anos, e multa.

§ 1º Consideram-se condição de contorno as informações e os levantamentos suficientes e necessários para a definição da solução de projeto e dos respectivos preços pelo licitante, incluídos sondagens, topografia, estudos de demanda, condições ambientais e demais elementos ambientais impactantes, considerados requisitos mínimos ou obrigatórios em normas técnicas que orientam a elaboração de projetos.

§ 2º Se o crime é praticado com o fim de obter benefício, direto ou indireto, próprio ou de outrem, aplica-se em dobro a pena prevista no caput deste artigo."
"337-P","Art. 337 P. A pena de multa cominada aos crimes previstos neste Capítulo seguirá a metodologia de cálculo prevista neste Código e não poderá ser inferior a 2% do valor do contrato licitado ou celebrado com contratação direta."
"338","Art. 338 Reingressar no território nacional o estrangeiro que dele foi expulso:

Pena - reclusão, de um a quatro anos, sem prejuízo de nova expulsão após o cumprimento da pena."
"338-A","Art. 338 A. Descumprir decisão judicial que defere medidas protetivas de urgência:

Pena – reclusão, de 2 a 5 anos, e multa.

§ 1º A configuração do crime independe da competência civil ou criminal do juiz que deferiu as medidas.

§ 2º Na hipótese de prisão em flagrante, apenas a autoridade judicial pode conceder fiança.

§ 3º O disposto neste artigo não exclui a aplicação de outras sanções cabíveis."
"339","Art. 339. Dar causa à instauração de inquérito policial, de procedimento investigatório criminal, de processo judicial, de processo administrativo disciplinar, de inquérito civil ou de ação de improbidade administrativa contra alguém, imputando-lhe crime, infração ético-disciplinar ou ato ímprobo de que o sabe inocente:

Pena - reclusão, de dois a oito anos, e multa.

§ 1º - A pena é aumentada de sexta parte, se o agente se serve de anonimato ou de nome suposto.

§ 2º - A pena é diminuída de metade, se a imputação é de prática de contravenção."
"340","Art. 340 Provocar a ação de autoridade, comunicando-lhe a ocorrência de crime ou de contravenção que sabe não se ter verificado:

Pena - detenção, de um a seis meses, ou multa."
"341","Art. 341 Acusar-se, perante a autoridade, de crime inexistente ou praticado por outrem:

Pena - detenção, de três meses a dois anos, ou multa."
"342","Art. 342. Fazer afirmação falsa, ou negar ou calar a verdade como testemunha, perito, contador, tradutor ou intérprete em processo judicial, ou administrativo, inquérito policial, ou em juízo arbitral:

Pena - reclusão, de 2 a 4 anos, e multa.

§ 1 o As penas aumentam-se de um sexto a um terço, se o crime é praticado mediante suborno ou se cometido com o fim de obter prova destinada a produzir efeito em processo penal, ou em processo civil em que for parte entidade da administração pública direta ou indireta.

§ 2 o O fato deixa de ser punível se, antes da sentença no processo em que ocorreu o ilícito, o agente se retrata ou declara a verdade."
"343","Art. 343. Dar, oferecer ou prometer dinheiro ou qualquer outra vantagem a testemunha, perito, contador, tradutor ou intérprete, para fazer afirmação falsa, negar ou calar a verdade em depoimento, perícia, cálculos, tradução ou interpretação:

Pena - reclusão, de três a quatro anos, e multa.

Parágrafo único. As penas aumentam-se de um sexto a um terço, se o crime é cometido com o fim de obter prova destinada a produzir efeito em processo penal ou em processo civil em que for parte entidade da administração pública direta ou indireta."
"344","Art. 344 Usar de violência ou grave ameaça, com o fim de favorecer interesse próprio ou alheio, contra autoridade, parte, ou qualquer outra pessoa que funciona ou é chamada a intervir em processo judicial, policial ou administrativo, ou em juízo arbitral:

Pena - reclusão, de um a quatro anos, e multa, além da pena correspondente à violência.

Parágrafo único. A pena aumenta-se de 1/3 até a metade se o processo envolver crime contra a dignidade sexual."
"345","Art. 345 Fazer justiça pelas próprias mãos, para satisfazer pretensão, embora legítima, salvo quando a lei o permite:

Pena - detenção, de quinze dias a um mês, ou multa, além da pena correspondente à violência.

Parágrafo único - Se não há emprego de violência, somente se procede mediante queixa."
"346","Art. 346 Tirar, suprimir, destruir ou danificar coisa própria, que se acha em poder de terceiro por determinação judicial ou convenção:

Pena - detenção, de seis meses a dois anos, e multa."
"347","Art. 347 Inovar artificiosamente, na pendência de processo civil ou administrativo, o estado de lugar, de coisa ou de pessoa, com o fim de induzir a erro o juiz ou o perito:

Pena - detenção, de três meses a dois anos, e multa.

Parágrafo único - Se a inovação se destina a produzir efeito em processo penal, ainda que não iniciado, as penas aplicam-se em dobro."
"348","Art. 348 Auxiliar a subtrair-se à ação de autoridade pública autor de crime a que é cominada pena de reclusão:

Pena - detenção, de um a seis meses, e multa.

§ 1º - Se ao crime não é cominada pena de reclusão:

Pena - detenção, de quinze dias a três meses, e multa.

§ 2º - Se quem presta o auxílio é ascendente, descendente, cônjuge ou irmão do criminoso, fica isento de pena."
"349","Art. 349 Prestar a criminoso, fora dos casos de co-autoria ou de receptação, auxílio destinado a tornar seguro o proveito do crime:"
"349-A","Art. 349 A. Ingressar, promover, intermediar, auxiliar ou facilitar a entrada de aparelho telefônico de comunicação móvel, de rádio ou similar, sem autorização legal, em estabelecimento prisional..

Pena: detenção, de 3 meses a 1 ano.."
"350","Art. 350"
"351","Art. 351 Promover ou facilitar a fuga de pessoa legalmente presa ou submetida a medida de segurança detentiva:

Pena - detenção, de seis meses a dois anos.

§ 1º - Se o crime é praticado a mão armada, ou por mais de uma pessoa, ou mediante arrombamento, a pena é de reclusão, de dois a seis anos.

§ 2º - Se há emprego de violência contra pessoa, aplica-se também a pena correspondente à violência.

§ 3º - A pena é de reclusão, de um a quatro anos, se o crime é praticado por pessoa sob cuja custódia ou guarda está o preso ou o internado.

§ 4º - No caso de culpa do funcionário incumbido da custódia ou guarda, aplica-se a pena de detenção, de três meses a um ano, ou multa."
"352","Art. 352 Evadir-se ou tentar evadir-se o preso ou o indivíduo submetido a medida de segurança detentiva, usando de violência contra a pessoa:

Pena - detenção, de três meses a um ano, além da pena correspondente à violência."
"353","Art. 353 Arrebatar preso, a fim de maltratá-lo, do poder de quem o tenha sob custódia ou guarda:

Pena - reclusão, de um a quatro anos, além da pena correspondente à violência."
"354","Art. 354 Amotinarem-se presos, perturbando a ordem ou disciplina da prisão:

Pena - detenção, de seis meses a dois anos, além da pena correspondente à violência."
"355","Art. 355 Trair, na qualidade de advogado ou procurador, o dever profissional, prejudicando interesse, cujo patrocínio, em juízo, lhe é confiado:

Pena - detenção, de seis meses a três anos, e multa.

Patrocínio simultâneo ou tergiversação

Parágrafo único - Incorre na pena deste artigo o advogado ou procurador judicial que defende na mesma causa, simultânea ou sucessivamente, partes contrárias."
"356","Art. 356 Inutilizar, total ou parcialmente, ou deixar de restituir autos, documento ou objeto de valor probatório, que recebeu na qualidade de advogado ou procurador:

Pena - detenção, de seis meses a três anos, e multa."
"357","Art. 357 Solicitar ou receber dinheiro ou qualquer outra utilidade, a pretexto de influir em juiz, jurado, órgão do Ministério Público, funcionário de justiça, perito, tradutor, intérprete ou testemunha:

Pena - reclusão, de um a cinco anos, e multa.

Parágrafo único - As penas aumentam-se de um terço, se o agente alega ou insinua que o dinheiro ou utilidade também se destina a qualquer das pessoas referidas neste artigo."
"358","Art. 358 Impedir, perturbar ou fraudar arrematação judicial; afastar ou procurar afastar concorrente ou licitante, por meio de violência, grave ameaça, fraude ou oferecimento de vantagem:

Pena - detenção, de dois meses a um ano, ou multa, além da pena correspondente à violência."
"359","Art. 359 Exercer função, atividade, direito, autoridade ou múnus, de que foi suspenso ou privado por decisão judicial:

Pena - detenção, de três meses a dois anos, ou multa."
"359-A","Art. 359 A. Ordenar, autorizar ou realizar operação de crédito, interno ou externo, sem prévia autorização legislativa:

Pena – reclusão, de 1 a 2 anos.

Parágrafo único. Incide na mesma pena quem ordena, autoriza ou realiza operação de crédito, interno ou externo:

I – com inobservância de limite, condição ou montante estabelecido em lei ou em resolução do Senado Federal;

II – quando o montante da dívida consolidada ultrapassa o limite máximo autorizado por lei."
"359-B","Art. 359 B. Ordenar ou autorizar a inscrição em restos a pagar, de despesa que não tenha sido previamente empenhada ou que exceda limite estabelecido em lei:

Pena – detenção, de 6 meses a 2 anos."
"359-C","Art. 359 C. Ordenar ou autorizar a assunção de obrigação, nos dois últimos quadrimestres do último ano do mandato ou legislatura, cuja despesa não possa ser paga no mesmo exercício financeiro ou, caso reste parcela a ser paga no exercício seguinte, que não tenha contrapartida suficiente de disponibilidade de caixa:

Pena - reclusão, de 1 a 4 anos."
"359-D","Art. 359 D. Ordenar despesa não autorizada por lei:

Pena – reclusão, de 1 a 4 anos."
"359-E","Art. 359 E. Prestar garantia em operação de crédito sem que tenha sido constituída contragarantia em valor igual ou superior ao valor da garantia prestada, na forma da lei:

Pena – detenção, de 3 meses a 1 ano."
"359-F","Art. 359 F. Deixar de ordenar, de autorizar ou de promover o cancelamento do montante de restos a pagar inscrito em valor superior ao permitido em lei:

Pena – detenção, de 6 meses a 2 anos."
"359-G","Art. 359 G. Ordenar, autorizar ou executar ato que acarrete aumento de despesa total com pessoal, nos cento e oitenta dias anteriores ao final do mandato ou da legislatura: )

Pena – reclusão, de 1 a 4 anos."
"359-H","Art. 359 H. Ordenar, autorizar ou promover a oferta pública ou a colocação no mercado financeiro de títulos da dívida pública sem que tenham sido criados por lei ou sem que estejam registrados em sistema centralizado de liquidação e de custódia:

Pena – reclusão, de 1 a 4 anos."
"359-I","Art. 359 I. Negociar com governo ou grupo estrangeiro, ou seus agentes, com o fim de provocar atos típicos de guerra contra o País ou invadi-lo:

Pena - reclusão, de 3 a 8 anos.

§ 1º Aumenta-se a pena de metade até o dobro, se declarada guerra em decorrência das condutas previstas no caput deste artigo.

§ 2º Se o agente participa de operação bélica com o fim de submeter o território nacional, ou parte dele, ao domínio ou à soberania de outro país:

Pena - reclusão, de 4 a 12 anos."
"359-J","Art. 359 J. Praticar violência ou grave ameaça com a finalidade de desmembrar parte do território nacional para constituir país independente:

Pena - reclusão, de 2 a 6 anos, além da pena correspondente à violência."
"359-K","Art. 359 K. Entregar a governo estrangeiro, a seus agentes, ou a organização criminosa estrangeira, em desacordo com determinação legal ou regulamentar, documento ou informação classificados como secretos ou ultrassecretos nos termos da lei, cuja revelação possa colocar em perigo a preservação da ordem constitucional ou a soberania nacional:

Pena - reclusão, de 3 a 12 anos.

§ 1º Incorre na mesma pena quem presta auxílio a espião, conhecendo essa circunstância, para subtraí-lo à ação da autoridade pública.

§ 2º Se o documento, dado ou informação é transmitido ou revelado com violação do dever de sigilo:

Pena - reclusão, de 6 a 15 anos.

§ 3º Facilitar a prática de qualquer dos crimes previstos neste artigo mediante atribuição, fornecimento ou empréstimo de senha, ou de qualquer outra forma de acesso de pessoas não autorizadas a sistemas de informações:

Pena - detenção, de 1 a 4 anos.

§ 4º Não constitui crime a comunicação, a entrega ou a publicação de informações ou de documentos com o fim de expor a prática de crime ou a violação de direitos humanos."
"359-L","Art. 359 L. Tentar, com emprego de violência ou grave ameaça, abolir o Estado Democrático de Direito, impedindo ou restringindo o exercício dos poderes constitucionais:

Pena - reclusão, de 4 a 8 anos, além da pena correspondente à violência."
"359-M","Art. 359-M B. Quando os crimes previstos neste Capítulo forem praticados em contexto de multidão, a pena será reduzida de 1/3 a 2/3, desde que o agente não tenha praticado ato de financiamento ou exercido papel de liderança."
"359-N","Art. 359 N. Impedir ou perturbar a eleição ou a aferição de seu resultado, mediante violação indevida de mecanismos de segurança do sistema eletrônico de votação estabelecido pela Justiça Eleitoral:

Pena - reclusão, de 3 a 6 anos, e multa."
"359-O","Art. 359 O.."
"359-P","Art. 359 P. Restringir, impedir ou dificultar, com emprego de violência física, sexual ou psicológica, o exercício de direitos políticos a qualquer pessoa em razão de seu sexo, raça, cor, etnia, religião ou procedência nacional:

Pena - reclusão, de 3 a 6 anos, e multa, além da pena correspondente à violência."
"359-Q","Art. 359 Q.."
"359-R","Art. 359 R. Destruir ou inutilizar meios de comunicação ao público, estabelecimentos, instalações ou serviços destinados à defesa nacional, com o fim de abolir o Estado Democrático de Direito:

Pena - reclusão, de 2 a 8 anos."
"359-T","Art. 359 T. Não constitui crime previsto neste Título a manifestação crítica aos poderes constitucionais nem a atividade jornalística ou a reivindicação de direitos e garantias constitucionais por meio de passeatas, de reuniões, de greves, de aglomerações ou de qualquer outra forma de manifestação política com propósitos sociais."
"359-U","Art. 359 U..”"
"360","Art. 360 Ressalvada a legislação especial sobre os crimes contra a existência, a segurança e a integridade do Estado e contra a guarda e o emprego da economia popular, os crimes de imprensa e os de falência, os de responsabilidade do Presidente da República e dos Governadores ou Interventores, e os crimes militares, revogam-se as disposições em contrário."
"361","Art. 361 Este Código entrará em vigor no dia 1º de janeiro de 1942.

Rio de Janeiro, 7 de dezembro de 1940; 119º da Independência e 52º da República.

GETÚLIO VARGAS Francisco Campos

Este texto não substitui o publicado no DOU de 31.12.1940 e retificado em 3.1.1941

*"
