Lei,Numero_Artigo,Status,Audio_Url
"Código Penal","1º","Concluido","https://dnjrgpldcwcpoywamorr.supabase.co/storage/v1/object/public/audios/resumos-livros/pilulas-cp-b0fb6fff-f900-41d7-b99d-9293b43bdf78-1788164337258.m4a"
"Código Penal","2º","Concluido","https://dnjrgpldcwcpoywamorr.supabase.co/storage/v1/object/public/audios/resumos-livros/pilulas-cp-7ca6868c-2977-44a5-8d38-c72a9e7a66a9-1788164191272.m4a"
"Código Penal","3º","Concluido","https://dnjrgpldcwcpoywamorr.supabase.co/storage/v1/object/public/audios/resumos-livros/pilulas-cp-6a5e086f-19c3-45e5-8039-4009f8c6517c-1788164355006.m4a"
"Código Penal","4º","Concluido","https://dnjrgpldcwcpoywamorr.supabase.co/storage/v1/object/public/audios/resumos-livros/pilulas-cp-fe4853af-09c5-40a4-9931-c59f880cf302-1788164363040.m4a"
"Código Penal","5º","Concluido","https://dnjrgpldcwcpoywamorr.supabase.co/storage/v1/object/public/audios/resumos-livros/pilulas-cp-9a97bc89-5b69-496f-b0e8-c29b32f7a46d-1788153621381.m4a"
"Código Penal","6º","Concluido","https://dnjrgpldcwcpoywamorr.supabase.co/storage/v1/object/public/audios/resumos-livros/pilulas-cp-668fa555-d6d8-4378-9650-017ea14bc3ba-1788562115666.m4a"
"Código Penal","7º","Concluido","https://dnjrgpldcwcpoywamorr.supabase.co/storage/v1/object/public/audios/resumos-livros/pilulas-cp-6beaeffa-0e1f-4848-9c04-9d6922a26e30-1788562126310.m4a"
"Código Penal","8º","Concluido","https://dnjrgpldcwcpoywamorr.supabase.co/storage/v1/object/public/audios/resumos-livros/pilulas-cp-e0ccc90a-cc86-4ca9-be0d-32d4702e58f5-1788562137951.m4a"
"Código Penal","9º","Concluido","https://dnjrgpldcwcpoywamorr.supabase.co/storage/v1/object/public/audios/resumos-livros/pilulas-cp-fd9abdb2-3d79-448c-a980-0e925e6fa5b5-1788562150566.m4a"
"Código Penal","10","Concluido","https://dnjrgpldcwcpoywamorr.supabase.co/storage/v1/object/public/audios/resumos-livros/pilulas-cp-127cd880-c89b-4389-a073-d3c487018eaf-1788562160357.m4a"
"Código Penal","11","Concluido","https://dnjrgpldcwcpoywamorr.supabase.co/storage/v1/object/public/audios/resumos-livros/pilulas-cp-f705398e-9001-4fb3-a267-2c229ed270e9-1788562171483.m4a"
"Código Penal","12","Concluido","https://dnjrgpldcwcpoywamorr.supabase.co/storage/v1/object/public/audios/resumos-livros/pilulas-cp-01f10afb-1150-4566-a2bb-e985a87faf82-1788562182853.m4a"
"Código Penal","13","Concluido","https://dnjrgpldcwcpoywamorr.supabase.co/storage/v1/object/public/audios/resumos-livros/pilulas-cp-f74dff50-dc07-4d6e-9367-262fe8237fd2-1788562193572.m4a"
"Código Penal","14","Pendente",""
"Código Penal","15","Pendente",""
"Código Penal","16","Pendente",""
"Código Penal","17","Pendente",""
"Código Penal","18","Pendente",""
"Código Penal","19","Pendente",""
"Código Penal","20","Pendente",""
"Código Penal","21","Pendente",""
"Código Penal","22","Pendente",""
"Código Penal","23","Pendente",""
"Código Penal","24","Pendente",""
"Código Penal","25","Pendente",""
"Código Penal","26","Pendente",""
"Código Penal","27","Pendente",""
"Código Penal","28","Pendente",""
"Código Penal","29","Pendente",""
"Código Penal","30","Pendente",""
"Código Penal","31","Pendente",""
"Código Penal","32","Pendente",""
"Código Penal","33","Pendente",""
"Código Penal","34","Pendente",""
"Código Penal","35","Pendente",""
"Código Penal","36","Pendente",""
"Código Penal","37","Pendente",""
"Código Penal","38","Pendente",""
"Código Penal","39","Pendente",""
"Código Penal","40","Pendente",""
"Código Penal","41","Pendente",""
"Código Penal","42","Pendente",""
"Código Penal","43","Pendente",""
"Código Penal","44","Pendente",""
"Código Penal","45","Pendente",""
"Código Penal","46","Pendente",""
"Código Penal","47","Pendente",""
"Código Penal","48","Pendente",""
"Código Penal","49","Pendente",""
"Código Penal","50","Pendente",""
"Código Penal","51","Pendente",""
"Código Penal","52","Pendente",""
"Código Penal","53","Pendente",""
"Código Penal","54","Pendente",""
"Código Penal","55","Pendente",""
"Código Penal","56","Pendente",""
"Código Penal","57","Pendente",""
"Código Penal","58","Pendente",""
"Código Penal","59","Pendente",""
"Código Penal","60","Pendente",""
"Código Penal","61","Pendente",""
"Código Penal","62","Pendente",""
"Código Penal","63","Pendente",""
"Código Penal","64","Pendente",""
"Código Penal","65","Pendente",""
"Código Penal","66","Pendente",""
"Código Penal","67","Pendente",""
"Código Penal","68","Pendente",""
"Código Penal","69","Pendente",""
"Código Penal","70","Pendente",""
"Código Penal","71","Pendente",""
"Código Penal","72","Pendente",""
"Código Penal","73","Pendente",""
"Código Penal","74","Pendente",""
"Código Penal","75","Pendente",""
"Código Penal","76","Pendente",""
"Código Penal","77","Pendente",""
"Código Penal","78","Pendente",""
"Código Penal","79","Pendente",""
"Código Penal","80","Pendente",""
"Código Penal","81","Pendente",""
"Código Penal","82","Pendente",""
"Código Penal","83","Pendente",""
"Código Penal","84","Pendente",""
"Código Penal","85","Pendente",""
"Código Penal","86","Pendente",""
"Código Penal","87","Pendente",""
"Código Penal","88","Pendente",""
"Código Penal","89","Pendente",""
"Código Penal","90","Pendente",""
"Código Penal","91","Pendente",""
"Código Penal","91-A","Pendente",""
"Código Penal","92","Pendente",""
"Código Penal","93","Pendente",""
"Código Penal","94","Pendente",""
"Código Penal","95","Pendente",""
"Código Penal","96","Pendente",""
"Código Penal","97","Pendente",""
"Código Penal","98","Pendente",""
"Código Penal","99","Pendente",""
"Código Penal","100","Pendente",""
"Código Penal","101","Pendente",""
"Código Penal","102","Pendente",""
"Código Penal","103","Pendente",""
"Código Penal","104","Pendente",""
"Código Penal","105","Pendente",""
"Código Penal","106","Pendente",""
"Código Penal","108","Pendente",""
"Código Penal","109","Pendente",""
"Código Penal","110","Pendente",""
"Código Penal","111","Pendente",""
"Código Penal","112","Pendente",""
"Código Penal","113","Pendente",""
"Código Penal","114","Pendente",""
"Código Penal","115","Pendente",""
"Código Penal","116","Pendente",""
"Código Penal","117","Pendente",""
"Código Penal","118","Pendente",""
"Código Penal","119","Pendente",""
"Código Penal","120","Pendente",""
"Código Penal","121","Pendente",""
"Código Penal","121-A","Pendente",""
"Código Penal","121-B","Pendente",""
"Código Penal","122","Pendente",""
"Código Penal","123","Pendente",""
"Código Penal","124","Pendente",""
"Código Penal","125","Pendente",""
"Código Penal","126","Pendente",""
"Código Penal","127","Pendente",""
"Código Penal","128","Pendente",""
"Código Penal","129","Pendente",""
"Código Penal","130","Pendente",""
"Código Penal","131","Pendente",""
"Código Penal","132","Pendente",""
"Código Penal","133","Pendente",""
"Código Penal","134","Pendente",""
"Código Penal","135","Pendente",""
"Código Penal","135-A","Pendente",""
"Código Penal","136","Pendente",""
"Código Penal","137","Pendente",""
"Código Penal","138","Pendente",""
"Código Penal","139","Pendente",""
"Código Penal","140","Pendente",""
"Código Penal","141","Pendente",""
"Código Penal","142","Pendente",""
"Código Penal","143","Pendente",""
"Código Penal","144","Pendente",""
"Código Penal","145","Pendente",""
"Código Penal","146","Pendente",""
"Código Penal","146-A","Pendente",""
"Código Penal","147","Pendente",""
"Código Penal","147-B","Pendente",""
"Código Penal","147-C","Pendente",""
"Código Penal","147-A","Pendente",""
"Código Penal","148","Pendente",""
"Código Penal","149","Pendente",""
"Código Penal","149-A","Pendente",""
"Código Penal","150","Pendente",""
"Código Penal","151","Pendente",""
"Código Penal","152","Pendente",""
"Código Penal","153","Pendente",""
"Código Penal","154","Pendente",""
"Código Penal","154-A","Pendente",""
"Código Penal","154-B","Pendente",""
"Código Penal","155","Pendente",""
"Código Penal","156","Pendente",""
"Código Penal","157","Pendente",""
"Código Penal","158","Pendente",""
"Código Penal","159","Pendente",""
"Código Penal","160","Pendente",""
"Código Penal","161","Pendente",""
"Código Penal","162","Pendente",""
"Código Penal","163","Pendente",""
"Código Penal","164","Pendente",""
"Código Penal","165","Pendente",""
"Código Penal","166","Pendente",""
"Código Penal","167","Pendente",""
"Código Penal","168","Pendente",""
"Código Penal","168-A","Pendente",""
"Código Penal","169","Pendente",""
"Código Penal","170","Pendente",""
"Código Penal","171","Pendente",""
"Código Penal","171-A","Pendente",""
"Código Penal","172","Pendente",""
"Código Penal","173","Pendente",""
"Código Penal","174","Pendente",""
"Código Penal","175","Pendente",""
"Código Penal","176","Pendente",""
"Código Penal","177","Pendente",""
"Código Penal","178","Pendente",""
"Código Penal","179","Pendente",""
"Código Penal","180","Pendente",""
"Código Penal","180-A","Pendente",""
"Código Penal","181","Pendente",""
"Código Penal","182","Pendente",""
"Código Penal","183","Pendente",""
"Código Penal","183-A","Pendente",""
"Código Penal","184","Pendente",""
"Código Penal","185","Pendente",""
"Código Penal","186","Pendente",""
"Código Penal","188","Pendente",""
"Código Penal","189","Pendente",""
"Código Penal","190","Pendente",""
"Código Penal","191","Pendente",""
"Código Penal","192","Pendente",""
"Código Penal","193","Pendente",""
"Código Penal","194","Pendente",""
"Código Penal","195","Pendente",""
"Código Penal","196","Pendente",""
"Código Penal","197","Pendente",""
"Código Penal","198","Pendente",""
"Código Penal","199","Pendente",""
"Código Penal","200","Pendente",""
"Código Penal","201","Pendente",""
"Código Penal","202","Pendente",""
"Código Penal","203","Pendente",""
"Código Penal","204","Pendente",""
"Código Penal","205","Pendente",""
"Código Penal","206","Pendente",""
"Código Penal","207","Pendente",""
"Código Penal","208","Pendente",""
"Código Penal","209","Pendente",""
"Código Penal","210","Pendente",""
"Código Penal","211","Pendente",""
"Código Penal","212","Pendente",""
"Código Penal","213","Pendente",""
"Código Penal","214","Pendente",""
"Código Penal","215","Pendente",""
"Código Penal","215-A","Pendente",""
"Código Penal","216","Pendente",""
"Código Penal","216-A","Pendente",""
"Código Penal","216-B","Pendente",""
"Código Penal","217","Pendente",""
"Código Penal","217-A","Pendente",""
"Código Penal","218","Pendente",""
"Código Penal","218-A","Pendente",""
"Código Penal","218-B","Pendente",""
"Código Penal","218-C","Pendente",""
"Código Penal","219","Pendente",""
"Código Penal","220","Pendente",""
"Código Penal","221","Pendente",""
"Código Penal","222","Pendente",""
"Código Penal","223","Pendente",""
"Código Penal","224","Pendente",""
"Código Penal","225","Pendente",""
"Código Penal","226","Pendente",""
"Código Penal","227","Pendente",""
"Código Penal","228","Pendente",""
"Código Penal","229","Pendente",""
"Código Penal","230","Pendente",""
"Código Penal","231","Pendente",""
"Código Penal","231-A","Pendente",""
"Código Penal","232","Pendente",""
"Código Penal","232-A","Pendente",""
"Código Penal","233","Pendente",""
"Código Penal","234","Pendente",""
"Código Penal","234-A","Pendente",""
"Código Penal","234-B","Pendente",""
"Código Penal","234-C","Pendente",""
"Código Penal","235","Pendente",""
"Código Penal","236","Pendente",""
"Código Penal","237","Pendente",""
"Código Penal","238","Pendente",""
"Código Penal","239","Pendente",""
"Código Penal","240","Pendente",""
"Código Penal","241","Pendente",""
"Código Penal","242","Pendente",""
"Código Penal","243","Pendente",""
"Código Penal","244","Pendente",""
"Código Penal","245","Pendente",""
"Código Penal","246","Pendente",""
"Código Penal","247","Pendente",""
"Código Penal","248","Pendente",""
"Código Penal","249","Pendente",""
"Código Penal","250","Pendente",""
"Código Penal","251","Pendente",""
"Código Penal","252","Pendente",""
"Código Penal","253","Pendente",""
"Código Penal","254","Pendente",""
"Código Penal","255","Pendente",""
"Código Penal","256","Pendente",""
"Código Penal","257","Pendente",""
"Código Penal","258","Pendente",""
"Código Penal","259","Pendente",""
"Código Penal","260","Pendente",""
"Código Penal","261","Pendente",""
"Código Penal","262","Pendente",""
"Código Penal","263","Pendente",""
"Código Penal","264","Pendente",""
"Código Penal","265","Pendente",""
"Código Penal","266","Pendente",""
"Código Penal","267","Pendente",""
"Código Penal","268","Pendente",""
"Código Penal","269","Pendente",""
"Código Penal","270","Pendente",""
"Código Penal","271","Pendente",""
"Código Penal","272","Pendente",""
"Código Penal","273","Pendente",""
"Código Penal","274","Pendente",""
"Código Penal","275","Pendente",""
"Código Penal","276","Pendente",""
"Código Penal","277","Pendente",""
"Código Penal","278","Pendente",""
"Código Penal","279","Pendente",""
"Código Penal","280","Pendente",""
"Código Penal","281","Pendente",""
"Código Penal","282","Pendente",""
"Código Penal","283","Pendente",""
"Código Penal","284","Pendente",""
"Código Penal","285","Pendente",""
"Código Penal","286","Pendente",""
"Código Penal","287","Pendente",""
"Código Penal","288","Pendente",""
"Código Penal","288-A","Pendente",""
"Código Penal","289","Pendente",""
"Código Penal","290","Pendente",""
"Código Penal","291","Pendente",""
"Código Penal","292","Pendente",""
"Código Penal","293","Pendente",""
"Código Penal","294","Pendente",""
"Código Penal","295","Pendente",""
"Código Penal","296","Pendente",""
"Código Penal","297","Pendente",""
"Código Penal","298","Pendente",""
"Código Penal","299","Pendente",""
"Código Penal","300","Pendente",""
"Código Penal","301","Pendente",""
"Código Penal","302","Pendente",""
"Código Penal","303","Pendente",""
"Código Penal","304","Pendente",""
"Código Penal","305","Pendente",""
"Código Penal","306","Pendente",""
"Código Penal","307","Pendente",""
"Código Penal","308","Pendente",""
"Código Penal","309","Pendente",""
"Código Penal","310","Pendente",""
"Código Penal","311","Pendente",""
"Código Penal","311-A","Pendente",""
"Código Penal","312","Pendente",""
"Código Penal","313","Pendente",""
"Código Penal","313-A","Pendente",""
"Código Penal","313-B","Pendente",""
"Código Penal","314","Pendente",""
"Código Penal","315","Pendente",""
"Código Penal","316","Pendente",""
"Código Penal","317","Pendente",""
"Código Penal","318","Pendente",""
"Código Penal","319","Pendente",""
"Código Penal","319-A","Pendente",""
"Código Penal","320","Pendente",""
"Código Penal","321","Pendente",""
"Código Penal","322","Pendente",""
"Código Penal","323","Pendente",""
"Código Penal","324","Pendente",""
"Código Penal","325","Pendente",""
"Código Penal","326","Pendente",""
"Código Penal","327","Pendente",""
"Código Penal","328","Pendente",""
"Código Penal","329","Pendente",""
"Código Penal","330","Pendente",""
"Código Penal","331","Pendente",""
"Código Penal","332","Pendente",""
"Código Penal","333","Pendente",""
"Código Penal","334","Pendente",""
"Código Penal","334-A","Pendente",""
"Código Penal","335","Pendente",""
"Código Penal","336","Pendente",""
"Código Penal","337","Pendente",""
"Código Penal","337-A","Pendente",""
"Código Penal","337-B","Pendente",""
"Código Penal","337-C","Pendente",""
"Código Penal","337-D","Pendente",""
"Código Penal","337-E","Pendente",""
"Código Penal","337-F","Pendente",""
"Código Penal","337-G","Pendente",""
"Código Penal","337-H","Pendente",""
"Código Penal","337-I","Pendente",""
"Código Penal","337-J","Pendente",""
"Código Penal","337-K","Pendente",""
"Código Penal","337-L","Pendente",""
"Código Penal","337-M","Pendente",""
"Código Penal","337-N","Pendente",""
"Código Penal","337-O","Pendente",""
"Código Penal","337-P","Pendente",""
"Código Penal","338","Pendente",""
"Código Penal","338-A","Pendente",""
"Código Penal","339","Pendente",""
"Código Penal","340","Pendente",""
"Código Penal","341","Pendente",""
"Código Penal","342","Pendente",""
"Código Penal","343","Pendente",""
"Código Penal","344","Pendente",""
"Código Penal","345","Pendente",""
"Código Penal","346","Pendente",""
"Código Penal","347","Pendente",""
"Código Penal","348","Pendente",""
"Código Penal","349","Pendente",""
"Código Penal","349-A","Pendente",""
"Código Penal","350","Pendente",""
"Código Penal","351","Pendente",""
"Código Penal","352","Pendente",""
"Código Penal","353","Pendente",""
"Código Penal","354","Pendente",""
"Código Penal","355","Pendente",""
"Código Penal","356","Pendente",""
"Código Penal","357","Pendente",""
"Código Penal","358","Pendente",""
"Código Penal","359","Pendente",""
"Código Penal","359-A","Pendente",""
"Código Penal","359-B","Pendente",""
"Código Penal","359-C","Pendente",""
"Código Penal","359-D","Pendente",""
"Código Penal","359-E","Pendente",""
"Código Penal","359-F","Pendente",""
"Código Penal","359-G","Pendente",""
"Código Penal","359-H","Pendente",""
"Código Penal","359-I","Pendente",""
"Código Penal","359-J","Pendente",""
"Código Penal","359-K","Pendente",""
"Código Penal","359-L","Pendente",""
"Código Penal","359-M","Pendente",""
"Código Penal","359-N","Pendente",""
"Código Penal","359-O","Pendente",""
"Código Penal","359-P","Pendente",""
"Código Penal","359-Q","Pendente",""
"Código Penal","359-R","Pendente",""
"Código Penal","359-T","Pendente",""
"Código Penal","359-U","Pendente",""
"Código Penal","360","Pendente",""
"Código Penal","361","Pendente",""
"Constituição Federal","1º","Pendente",""
"Constituição Federal","2º","Pendente",""
"Constituição Federal","3º","Pendente",""
"Constituição Federal","4º","Pendente",""
"Constituição Federal","5º","Pendente",""
"Constituição Federal","6º","Pendente",""
"Constituição Federal","7º","Pendente",""
"Constituição Federal","8º","Pendente",""
"Constituição Federal","9º","Pendente",""
"Constituição Federal","10","Pendente",""
"Constituição Federal","11","Pendente",""
"Constituição Federal","12","Pendente",""
"Constituição Federal","13","Pendente",""
"Constituição Federal","14","Pendente",""
"Constituição Federal","15","Pendente",""
"Constituição Federal","16","Pendente",""
"Constituição Federal","17","Pendente",""
"Constituição Federal","18","Pendente",""
"Constituição Federal","19","Pendente",""
"Constituição Federal","20","Pendente",""
"Constituição Federal","21","Pendente",""
"Constituição Federal","22","Pendente",""
"Constituição Federal","23","Pendente",""
"Constituição Federal","24","Pendente",""
"Constituição Federal","25","Pendente",""
"Constituição Federal","26","Pendente",""
"Constituição Federal","27","Pendente",""
"Constituição Federal","28","Pendente",""
"Constituição Federal","29","Pendente",""
"Constituição Federal","29-A","Pendente",""
"Constituição Federal","30","Pendente",""
"Constituição Federal","31","Pendente",""
"Constituição Federal","32","Pendente",""
"Constituição Federal","33","Pendente",""
"Constituição Federal","34","Pendente",""
"Constituição Federal","35","Pendente",""
"Constituição Federal","36","Pendente",""
"Constituição Federal","37","Pendente",""
"Constituição Federal","38","Pendente",""
"Constituição Federal","39","Pendente",""
"Constituição Federal","40","Pendente",""
"Constituição Federal","41","Pendente",""
"Constituição Federal","42","Pendente",""
"Constituição Federal","43","Pendente",""
"Constituição Federal","44","Pendente",""
"Constituição Federal","45","Pendente",""
"Constituição Federal","46","Pendente",""
"Constituição Federal","47","Pendente",""
"Constituição Federal","48","Pendente",""
"Constituição Federal","49","Pendente",""
"Constituição Federal","50","Pendente",""
"Constituição Federal","51","Pendente",""
"Constituição Federal","52","Pendente",""
"Constituição Federal","53","Pendente",""
"Constituição Federal","54","Pendente",""
"Constituição Federal","55","Pendente",""
"Constituição Federal","56","Pendente",""
"Constituição Federal","57","Pendente",""
"Constituição Federal","58","Pendente",""
"Constituição Federal","59","Pendente",""
"Constituição Federal","60","Pendente",""
"Constituição Federal","61","Pendente",""
"Constituição Federal","62","Pendente",""
"Constituição Federal","63","Pendente",""
"Constituição Federal","64","Pendente",""
"Constituição Federal","65","Pendente",""
"Constituição Federal","66","Pendente",""
"Constituição Federal","67","Pendente",""
"Constituição Federal","68","Pendente",""
"Constituição Federal","69","Pendente",""
"Constituição Federal","70","Pendente",""
"Constituição Federal","71","Pendente",""
"Constituição Federal","72","Pendente",""
"Constituição Federal","73","Pendente",""
"Constituição Federal","74","Pendente",""
"Constituição Federal","75","Pendente",""
"Constituição Federal","76","Pendente",""
"Constituição Federal","77","Pendente",""
"Constituição Federal","78","Pendente",""
"Constituição Federal","79","Pendente",""
"Constituição Federal","80","Pendente",""
"Constituição Federal","81","Pendente",""
"Constituição Federal","82","Pendente",""
"Constituição Federal","83","Pendente",""
"Constituição Federal","84","Pendente",""
"Constituição Federal","85","Pendente",""
"Constituição Federal","86","Pendente",""
"Constituição Federal","87","Pendente",""
"Constituição Federal","88","Pendente",""
"Constituição Federal","89","Pendente",""
"Constituição Federal","90","Pendente",""
"Constituição Federal","91","Pendente",""
"Constituição Federal","92","Pendente",""
"Constituição Federal","93","Pendente",""
"Constituição Federal","94","Pendente",""
"Constituição Federal","95","Pendente",""
"Constituição Federal","96","Pendente",""
"Constituição Federal","97","Pendente",""
"Constituição Federal","98","Pendente",""
"Constituição Federal","99","Pendente",""
"Constituição Federal","100","Pendente",""
"Constituição Federal","101","Pendente",""
"Constituição Federal","102","Pendente",""
"Constituição Federal","103","Pendente",""
"Constituição Federal","103-A","Pendente",""
"Constituição Federal","103-B","Pendente",""
"Constituição Federal","104","Pendente",""
"Constituição Federal","105","Pendente",""
"Constituição Federal","106","Pendente",""
"Constituição Federal","107","Pendente",""
"Constituição Federal","108","Pendente",""
"Constituição Federal","109","Pendente",""
"Constituição Federal","110","Pendente",""
"Constituição Federal","111","Pendente",""
"Constituição Federal","111-A","Pendente",""
"Constituição Federal","112","Pendente",""
"Constituição Federal","113","Pendente",""
"Constituição Federal","114","Pendente",""
"Constituição Federal","115","Pendente",""
"Constituição Federal","116","Pendente",""
"Constituição Federal","117","Pendente",""
"Constituição Federal","118","Pendente",""
"Constituição Federal","119","Pendente",""
"Constituição Federal","120","Pendente",""
"Constituição Federal","121","Pendente",""
"Constituição Federal","122","Pendente",""
"Constituição Federal","123","Pendente",""
"Constituição Federal","124","Pendente",""
"Constituição Federal","125","Pendente",""
"Constituição Federal","126","Pendente",""
"Constituição Federal","127","Pendente",""
"Constituição Federal","128","Pendente",""
"Constituição Federal","129","Pendente",""
"Constituição Federal","130","Pendente",""
"Constituição Federal","130-A","Pendente",""
"Constituição Federal","131","Pendente",""
"Constituição Federal","132","Pendente",""
"Constituição Federal","133","Pendente",""
"Constituição Federal","134","Pendente",""
"Constituição Federal","135","Pendente",""
"Constituição Federal","136","Pendente",""
"Constituição Federal","137","Pendente",""
"Constituição Federal","138","Pendente",""
"Constituição Federal","139","Pendente",""
"Constituição Federal","140","Pendente",""
"Constituição Federal","141","Pendente",""
"Constituição Federal","142","Pendente",""
"Constituição Federal","143","Pendente",""
"Constituição Federal","144","Pendente",""
"Constituição Federal","145","Pendente",""
"Constituição Federal","146","Pendente",""
"Constituição Federal","146-A","Pendente",""
"Constituição Federal","147","Pendente",""
"Constituição Federal","148","Pendente",""
"Constituição Federal","149","Pendente",""
"Constituição Federal","149-A","Pendente",""
"Constituição Federal","149-B","Pendente",""
"Constituição Federal","149-C","Pendente",""
"Constituição Federal","150","Pendente",""
"Constituição Federal","151","Pendente",""
"Constituição Federal","152","Pendente",""
"Constituição Federal","153","Pendente",""
"Constituição Federal","154","Pendente",""
"Constituição Federal","155","Pendente",""
"Constituição Federal","156","Pendente",""
"Constituição Federal","156-A","Pendente",""
"Constituição Federal","156-B","Pendente",""
"Constituição Federal","157","Pendente",""
"Constituição Federal","158","Pendente",""
"Constituição Federal","159","Pendente",""
"Constituição Federal","159-A","Pendente",""
"Constituição Federal","160","Pendente",""
"Constituição Federal","161","Pendente",""
"Constituição Federal","162","Pendente",""
"Constituição Federal","163","Pendente",""
"Constituição Federal","163-A","Pendente",""
"Constituição Federal","164","Pendente",""
"Constituição Federal","164-A","Pendente",""
"Constituição Federal","165","Pendente",""
"Constituição Federal","166","Pendente",""
"Constituição Federal","166-A","Pendente",""
"Constituição Federal","167","Pendente",""
"Constituição Federal","167-A","Pendente",""
"Constituição Federal","167-B","Pendente",""
"Constituição Federal","167-C","Pendente",""
"Constituição Federal","167-D","Pendente",""
"Constituição Federal","167-E","Pendente",""
"Constituição Federal","167-F","Pendente",""
"Constituição Federal","167-G","Pendente",""
"Constituição Federal","168","Pendente",""
"Constituição Federal","169","Pendente",""
"Constituição Federal","170","Pendente",""
"Constituição Federal","171","Pendente",""
"Constituição Federal","172","Pendente",""
"Constituição Federal","173","Pendente",""
"Constituição Federal","174","Pendente",""
"Constituição Federal","175","Pendente",""
"Constituição Federal","176","Pendente",""
"Constituição Federal","177","Pendente",""
"Constituição Federal","178","Pendente",""
"Constituição Federal","179","Pendente",""
"Constituição Federal","180","Pendente",""
"Constituição Federal","181","Pendente",""
"Constituição Federal","182","Pendente",""
"Constituição Federal","183","Pendente",""
"Constituição Federal","184","Pendente",""
"Constituição Federal","185","Pendente",""
"Constituição Federal","186","Pendente",""
"Constituição Federal","187","Pendente",""
"Constituição Federal","188","Pendente",""
"Constituição Federal","189","Pendente",""
"Constituição Federal","190","Pendente",""
"Constituição Federal","191","Pendente",""
"Constituição Federal","192","Pendente",""
"Constituição Federal","193","Pendente",""
"Constituição Federal","194","Pendente",""
"Constituição Federal","195","Pendente",""
"Constituição Federal","196","Pendente",""
"Constituição Federal","197","Pendente",""
"Constituição Federal","198","Pendente",""
"Constituição Federal","199","Pendente",""
"Constituição Federal","200","Pendente",""
"Constituição Federal","201","Pendente",""
"Constituição Federal","202","Pendente",""
"Constituição Federal","203","Pendente",""
"Constituição Federal","204","Pendente",""
"Constituição Federal","205","Pendente",""
"Constituição Federal","206","Pendente",""
"Constituição Federal","207","Pendente",""
"Constituição Federal","208","Pendente",""
"Constituição Federal","209","Pendente",""
"Constituição Federal","210","Pendente",""
"Constituição Federal","211","Pendente",""
"Constituição Federal","212","Pendente",""
"Constituição Federal","212-A","Pendente",""
"Constituição Federal","213","Pendente",""
"Constituição Federal","214","Pendente",""
"Constituição Federal","215","Pendente",""
"Constituição Federal","216","Pendente",""
"Constituição Federal","216-A","Pendente",""
"Constituição Federal","217","Pendente",""
"Constituição Federal","218","Pendente",""
"Constituição Federal","219","Pendente",""
"Constituição Federal","219-A","Pendente",""
"Constituição Federal","219-B","Pendente",""
"Constituição Federal","220","Pendente",""
"Constituição Federal","221","Pendente",""
"Constituição Federal","222","Pendente",""
"Constituição Federal","223","Pendente",""
"Constituição Federal","224","Pendente",""
"Constituição Federal","225","Pendente",""
"Constituição Federal","226","Pendente",""
"Constituição Federal","227","Pendente",""
"Constituição Federal","228","Pendente",""
"Constituição Federal","229","Pendente",""
"Constituição Federal","230","Pendente",""
"Constituição Federal","231","Pendente",""
"Constituição Federal","232","Pendente",""
"Constituição Federal","233","Pendente",""
"Constituição Federal","234","Pendente",""
"Constituição Federal","235","Pendente",""
"Constituição Federal","236","Pendente",""
"Constituição Federal","237","Pendente",""
"Constituição Federal","238","Pendente",""
"Constituição Federal","239","Pendente",""
"Constituição Federal","240","Pendente",""
"Constituição Federal","241","Pendente",""
"Constituição Federal","242","Pendente",""
"Constituição Federal","243","Pendente",""
"Constituição Federal","244","Pendente",""
"Constituição Federal","245","Pendente",""
"Constituição Federal","246","Pendente",""
"Constituição Federal","247","Pendente",""
"Constituição Federal","248","Pendente",""
"Constituição Federal","249","Pendente",""
"Constituição Federal","250","Pendente",""
"Constituição Federal","1º","Pendente",""
"Constituição Federal","2º","Pendente",""
"Constituição Federal","3º","Pendente",""
"Constituição Federal","4º","Pendente",""
"Constituição Federal","5º","Pendente",""
"Constituição Federal","6º","Pendente",""
"Constituição Federal","7º","Pendente",""
"Constituição Federal","8º","Pendente",""
"Constituição Federal","9º","Pendente",""
"Constituição Federal","10","Pendente",""
"Constituição Federal","11","Pendente",""
"Constituição Federal","12","Pendente",""
"Constituição Federal","13","Pendente",""
"Constituição Federal","14","Pendente",""
"Constituição Federal","15","Pendente",""
"Constituição Federal","16","Pendente",""
"Constituição Federal","17","Pendente",""
"Constituição Federal","18","Pendente",""
"Constituição Federal","18-A","Pendente",""
"Constituição Federal","19","Pendente",""
"Constituição Federal","20","Pendente",""
"Constituição Federal","21","Pendente",""
"Constituição Federal","22","Pendente",""
"Constituição Federal","23","Pendente",""
"Constituição Federal","24","Pendente",""
"Constituição Federal","25","Pendente",""
"Constituição Federal","26","Pendente",""
"Constituição Federal","27","Pendente",""
"Constituição Federal","28","Pendente",""
"Constituição Federal","29","Pendente",""
"Constituição Federal","30","Pendente",""
"Constituição Federal","31","Pendente",""
"Constituição Federal","32","Pendente",""
"Constituição Federal","33","Pendente",""
"Constituição Federal","34","Pendente",""
"Constituição Federal","35","Pendente",""
"Constituição Federal","36","Pendente",""
"Constituição Federal","37","Pendente",""
"Constituição Federal","38","Pendente",""
"Constituição Federal","39","Pendente",""
"Constituição Federal","40","Pendente",""
"Constituição Federal","41","Pendente",""
"Constituição Federal","42","Pendente",""
"Constituição Federal","43","Pendente",""
"Constituição Federal","44","Pendente",""
"Constituição Federal","45","Pendente",""
"Constituição Federal","46","Pendente",""
"Constituição Federal","47","Pendente",""
"Constituição Federal","48","Pendente",""
"Constituição Federal","49","Pendente",""
"Constituição Federal","50","Pendente",""
"Constituição Federal","51","Pendente",""
"Constituição Federal","52","Pendente",""
"Constituição Federal","53","Pendente",""
"Constituição Federal","54","Pendente",""
"Constituição Federal","54-A","Pendente",""
"Constituição Federal","55","Pendente",""
"Constituição Federal","56","Pendente",""
"Constituição Federal","57","Pendente",""
"Constituição Federal","58","Pendente",""
"Constituição Federal","59","Pendente",""
"Constituição Federal","60","Pendente",""
"Constituição Federal","60-A","Pendente",""
"Constituição Federal","61","Pendente",""
"Constituição Federal","62","Pendente",""
"Constituição Federal","63","Pendente",""
"Constituição Federal","64","Pendente",""
"Constituição Federal","65","Pendente",""
"Constituição Federal","66","Pendente",""
"Constituição Federal","67","Pendente",""
"Constituição Federal","68","Pendente",""
"Constituição Federal","69","Pendente",""
"Constituição Federal","70","Pendente",""
"Constituição Federal","71","Pendente",""
"Constituição Federal","72","Pendente",""
"Constituição Federal","73","Pendente",""
"Constituição Federal","74","Pendente",""
"Constituição Federal","75","Pendente",""
"Constituição Federal","76","Pendente",""
"Constituição Federal","76-A","Pendente",""
"Constituição Federal","76-B","Pendente",""
"Constituição Federal","77","Pendente",""
"Constituição Federal","78","Pendente",""
"Constituição Federal","79","Pendente",""
"Constituição Federal","80","Pendente",""
"Constituição Federal","81","Pendente",""
"Constituição Federal","82","Pendente",""
"Constituição Federal","83","Pendente",""
"Constituição Federal","84","Pendente",""
"Constituição Federal","85","Pendente",""
"Constituição Federal","86","Pendente",""
"Constituição Federal","87","Pendente",""
"Constituição Federal","88","Pendente",""
"Constituição Federal","89","Pendente",""
"Constituição Federal","90","Pendente",""
"Constituição Federal","91","Pendente",""
"Constituição Federal","92","Pendente",""
"Constituição Federal","92-A","Pendente",""
"Constituição Federal","92-B","Pendente",""
"Constituição Federal","93","Pendente",""
"Constituição Federal","94","Pendente",""
"Constituição Federal","95","Pendente",""
"Constituição Federal","96","Pendente",""
"Constituição Federal","97","Pendente",""
"Constituição Federal","98","Pendente",""
"Constituição Federal","99","Pendente",""
"Constituição Federal","100","Pendente",""
"Constituição Federal","101","Pendente",""
"Constituição Federal","102","Pendente",""
"Constituição Federal","103","Pendente",""
"Constituição Federal","104","Pendente",""
"Constituição Federal","105","Pendente",""
"Constituição Federal","106","Pendente",""
"Constituição Federal","107","Pendente",""
"Constituição Federal","107-A","Pendente",""
"Constituição Federal","108","Pendente",""
"Constituição Federal","109","Pendente",""
"Constituição Federal","110","Pendente",""
"Constituição Federal","111","Pendente",""
"Constituição Federal","111-A","Pendente",""
"Constituição Federal","112","Pendente",""
"Constituição Federal","113","Pendente",""
"Constituição Federal","114","Pendente",""
"Constituição Federal","115","Pendente",""
"Constituição Federal","116","Pendente",""
"Constituição Federal","116-A","Pendente",""
"Constituição Federal","117","Pendente",""
"Constituição Federal","118","Pendente",""
"Constituição Federal","119","Pendente",""
"Constituição Federal","120","Pendente",""
"Constituição Federal","121","Pendente",""
"Constituição Federal","122","Pendente",""
"Constituição Federal","123","Pendente",""
"Constituição Federal","124","Pendente",""
"Constituição Federal","125","Pendente",""
"Constituição Federal","126","Pendente",""
"Constituição Federal","127","Pendente",""
"Constituição Federal","128","Pendente",""
"Constituição Federal","129","Pendente",""
"Constituição Federal","130","Pendente",""
"Constituição Federal","131","Pendente",""
"Constituição Federal","132","Pendente",""
"Constituição Federal","133","Pendente",""
"Constituição Federal","134","Pendente",""
"Constituição Federal","135","Pendente",""
"Constituição Federal","136","Pendente",""
"Constituição Federal","137","Pendente",""
"Constituição Federal","138","Pendente",""
"Código Civil","1","Pendente",""
"Código Civil","2","Pendente",""
"Código Civil","3","Pendente",""
"Código Civil","4","Pendente",""
"Código Civil","5","Pendente",""
"Código Civil","6","Pendente",""
"Código Civil","7","Pendente",""
"Código Civil","8","Pendente",""
"Código Civil","9","Pendente",""
"Código Civil","10","Pendente",""
"Código Civil","11","Pendente",""
"Código Civil","12","Pendente",""
"Código Civil","13","Pendente",""
"Código Civil","14","Pendente",""
"Código Civil","15","Pendente",""
"Código Civil","16","Pendente",""
"Código Civil","17","Pendente",""
"Código Civil","18","Pendente",""
"Código Civil","19","Pendente",""
"Código Civil","20","Pendente",""
"Código Civil","21","Pendente",""
"Código Civil","22","Pendente",""
"Código Civil","23","Pendente",""
"Código Civil","24","Pendente",""
"Código Civil","25","Pendente",""
"Código Civil","26","Pendente",""
"Código Civil","27","Pendente",""
"Código Civil","28","Pendente",""
"Código Civil","29","Pendente",""
"Código Civil","30","Pendente",""
"Código Civil","31","Pendente",""
"Código Civil","32","Pendente",""
"Código Civil","33","Pendente",""
"Código Civil","34","Pendente",""
"Código Civil","35","Pendente",""
"Código Civil","36","Pendente",""
"Código Civil","37","Pendente",""
"Código Civil","38","Pendente",""
"Código Civil","39","Pendente",""
"Código Civil","40","Pendente",""
"Código Civil","41","Pendente",""
"Código Civil","42","Pendente",""
"Código Civil","43","Pendente",""
"Código Civil","44","Pendente",""
"Código Civil","45","Pendente",""
"Código Civil","46","Pendente",""
"Código Civil","47","Pendente",""
"Código Civil","48","Pendente",""
"Código Civil","48-A","Pendente",""
"Código Civil","49","Pendente",""
"Código Civil","49-A","Pendente",""
"Código Civil","50","Pendente",""
"Código Civil","51","Pendente",""
"Código Civil","52","Pendente",""
"Código Civil","53","Pendente",""
"Código Civil","54","Pendente",""
"Código Civil","55","Pendente",""
"Código Civil","56","Pendente",""
"Código Civil","57","Pendente",""
"Código Civil","58","Pendente",""
"Código Civil","59","Pendente",""
"Código Civil","60","Pendente",""
"Código Civil","61","Pendente",""
"Código Civil","62","Pendente",""
"Código Civil","63","Pendente",""
"Código Civil","64","Pendente",""
"Código Civil","65","Pendente",""
"Código Civil","66","Pendente",""
"Código Civil","67","Pendente",""
"Código Civil","68","Pendente",""
"Código Civil","69","Pendente",""
"Código Civil","70","Pendente",""
"Código Civil","71","Pendente",""
"Código Civil","72","Pendente",""
"Código Civil","73","Pendente",""
"Código Civil","74","Pendente",""
"Código Civil","75","Pendente",""
"Código Civil","76","Pendente",""
"Código Civil","77","Pendente",""
"Código Civil","78","Pendente",""
"Código Civil","79","Pendente",""
"Código Civil","80","Pendente",""
"Código Civil","81","Pendente",""
"Código Civil","82","Pendente",""
"Código Civil","83","Pendente",""
"Código Civil","84","Pendente",""
"Código Civil","85","Pendente",""
"Código Civil","86","Pendente",""
"Código Civil","87","Pendente",""
"Código Civil","88","Pendente",""
"Código Civil","89","Pendente",""
"Código Civil","90","Pendente",""
"Código Civil","91","Pendente",""
"Código Civil","92","Pendente",""
"Código Civil","93","Pendente",""
"Código Civil","94","Pendente",""
"Código Civil","95","Pendente",""
"Código Civil","96","Pendente",""
"Código Civil","97","Pendente",""
"Código Civil","98","Pendente",""
"Código Civil","99","Pendente",""
"Código Civil","100","Pendente",""
"Código Civil","101","Pendente",""
"Código Civil","102","Pendente",""
"Código Civil","103","Pendente",""
"Código Civil","104","Pendente",""
"Código Civil","105","Pendente",""
"Código Civil","106","Pendente",""
"Código Civil","107","Pendente",""
"Código Civil","108","Pendente",""
"Código Civil","109","Pendente",""
"Código Civil","110","Pendente",""
"Código Civil","111","Pendente",""
"Código Civil","112","Pendente",""
"Código Civil","113","Pendente",""
"Código Civil","114","Pendente",""
"Código Civil","115","Pendente",""
"Código Civil","116","Pendente",""
"Código Civil","117","Pendente",""
"Código Civil","118","Pendente",""
"Código Civil","119","Pendente",""
"Código Civil","120","Pendente",""
"Código Civil","121","Pendente",""
"Código Civil","122","Pendente",""
"Código Civil","123","Pendente",""
"Código Civil","124","Pendente",""
"Código Civil","125","Pendente",""
"Código Civil","126","Pendente",""
"Código Civil","127","Pendente",""
"Código Civil","128","Pendente",""
"Código Civil","129","Pendente",""
"Código Civil","130","Pendente",""
"Código Civil","131","Pendente",""
"Código Civil","132","Pendente",""
"Código Civil","133","Pendente",""
"Código Civil","134","Pendente",""
"Código Civil","135","Pendente",""
"Código Civil","136","Pendente",""
"Código Civil","137","Pendente",""
"Código Civil","138","Pendente",""
"Código Civil","139","Pendente",""
"Código Civil","140","Pendente",""
"Código Civil","141","Pendente",""
"Código Civil","142","Pendente",""
"Código Civil","143","Pendente",""
"Código Civil","144","Pendente",""
"Código Civil","145","Pendente",""
"Código Civil","146","Pendente",""
"Código Civil","147","Pendente",""
"Código Civil","148","Pendente",""
"Código Civil","149","Pendente",""
"Código Civil","150","Pendente",""
"Código Civil","151","Pendente",""
"Código Civil","152","Pendente",""
"Código Civil","153","Pendente",""
"Código Civil","154","Pendente",""
"Código Civil","155","Pendente",""
"Código Civil","156","Pendente",""
"Código Civil","157","Pendente",""
"Código Civil","158","Pendente",""
"Código Civil","159","Pendente",""
"Código Civil","160","Pendente",""
"Código Civil","161","Pendente",""
"Código Civil","162","Pendente",""
"Código Civil","163","Pendente",""
"Código Civil","164","Pendente",""
"Código Civil","165","Pendente",""
"Código Civil","166","Pendente",""
"Código Civil","167","Pendente",""
"Código Civil","168","Pendente",""
"Código Civil","169","Pendente",""
"Código Civil","170","Pendente",""
"Código Civil","171","Pendente",""
"Código Civil","172","Pendente",""
"Código Civil","173","Pendente",""
"Código Civil","174","Pendente",""
"Código Civil","175","Pendente",""
"Código Civil","176","Pendente",""
"Código Civil","177","Pendente",""
"Código Civil","178","Pendente",""
"Código Civil","179","Pendente",""
"Código Civil","180","Pendente",""
"Código Civil","181","Pendente",""
"Código Civil","182","Pendente",""
"Código Civil","183","Pendente",""
"Código Civil","184","Pendente",""
"Código Civil","185","Pendente",""
"Código Civil","186","Pendente",""
"Código Civil","187","Pendente",""
"Código Civil","188","Pendente",""
"Código Civil","189","Pendente",""
"Código Civil","190","Pendente",""
"Código Civil","191","Pendente",""
"Código Civil","192","Pendente",""
"Código Civil","193","Pendente",""
"Código Civil","194","Pendente",""
"Código Civil","195","Pendente",""
"Código Civil","196","Pendente",""
"Código Civil","197","Pendente",""
"Código Civil","198","Pendente",""
"Código Civil","199","Pendente",""
"Código Civil","200","Pendente",""
"Código Civil","201","Pendente",""
"Código Civil","202","Pendente",""
"Código Civil","203","Pendente",""
"Código Civil","204","Pendente",""
"Código Civil","205","Pendente",""
"Código Civil","206","Pendente",""
"Código Civil","206-A","Pendente",""
"Código Civil","921","Pendente",""
"Código Civil","207","Pendente",""
"Código Civil","208","Pendente",""
"Código Civil","209","Pendente",""
"Código Civil","210","Pendente",""
"Código Civil","211","Pendente",""
"Código Civil","212","Pendente",""
"Código Civil","213","Pendente",""
"Código Civil","214","Pendente",""
"Código Civil","215","Pendente",""
"Código Civil","216","Pendente",""
"Código Civil","217","Pendente",""
"Código Civil","218","Pendente",""
"Código Civil","219","Pendente",""
"Código Civil","220","Pendente",""
"Código Civil","221","Pendente",""
"Código Civil","222","Pendente",""
"Código Civil","223","Pendente",""
"Código Civil","224","Pendente",""
"Código Civil","225","Pendente",""
"Código Civil","226","Pendente",""
"Código Civil","227","Pendente",""
"Código Civil","228","Pendente",""
"Código Civil","229","Pendente",""
"Código Civil","230","Pendente",""
"Código Civil","231","Pendente",""
"Código Civil","232","Pendente",""
"Código Civil","233","Pendente",""
"Código Civil","234","Pendente",""
"Código Civil","235","Pendente",""
"Código Civil","236","Pendente",""
"Código Civil","237","Pendente",""
"Código Civil","238","Pendente",""
"Código Civil","239","Pendente",""
"Código Civil","240","Pendente",""
"Código Civil","241","Pendente",""
"Código Civil","242","Pendente",""
"Código Civil","243","Pendente",""
"Código Civil","244","Pendente",""
"Código Civil","245","Pendente",""
"Código Civil","246","Pendente",""
"Código Civil","247","Pendente",""
"Código Civil","248","Pendente",""
"Código Civil","249","Pendente",""
"Código Civil","250","Pendente",""
"Código Civil","251","Pendente",""
"Código Civil","252","Pendente",""
"Código Civil","253","Pendente",""
"Código Civil","254","Pendente",""
"Código Civil","255","Pendente",""
"Código Civil","256","Pendente",""
"Código Civil","257","Pendente",""
"Código Civil","258","Pendente",""
"Código Civil","259","Pendente",""
"Código Civil","260","Pendente",""
"Código Civil","261","Pendente",""
"Código Civil","262","Pendente",""
"Código Civil","263","Pendente",""
"Código Civil","264","Pendente",""
"Código Civil","265","Pendente",""
"Código Civil","266","Pendente",""
"Código Civil","267","Pendente",""
"Código Civil","268","Pendente",""
"Código Civil","269","Pendente",""
"Código Civil","270","Pendente",""
"Código Civil","271","Pendente",""
"Código Civil","272","Pendente",""
"Código Civil","273","Pendente",""
"Código Civil","274","Pendente",""
"Código Civil","275","Pendente",""
"Código Civil","276","Pendente",""
"Código Civil","277","Pendente",""
"Código Civil","278","Pendente",""
"Código Civil","279","Pendente",""
"Código Civil","280","Pendente",""
"Código Civil","281","Pendente",""
"Código Civil","282","Pendente",""
"Código Civil","283","Pendente",""
"Código Civil","284","Pendente",""
"Código Civil","285","Pendente",""
"Código Civil","286","Pendente",""
"Código Civil","287","Pendente",""
"Código Civil","288","Pendente",""
"Código Civil","289","Pendente",""
"Código Civil","290","Pendente",""
"Código Civil","291","Pendente",""
"Código Civil","292","Pendente",""
"Código Civil","293","Pendente",""
"Código Civil","294","Pendente",""
"Código Civil","295","Pendente",""
"Código Civil","296","Pendente",""
"Código Civil","297","Pendente",""
"Código Civil","298","Pendente",""
"Código Civil","299","Pendente",""
"Código Civil","300","Pendente",""
"Código Civil","301","Pendente",""
"Código Civil","302","Pendente",""
"Código Civil","303","Pendente",""
"Código Civil","304","Pendente",""
"Código Civil","305","Pendente",""
"Código Civil","306","Pendente",""
"Código Civil","307","Pendente",""
"Código Civil","308","Pendente",""
"Código Civil","309","Pendente",""
"Código Civil","310","Pendente",""
"Código Civil","311","Pendente",""
"Código Civil","312","Pendente",""
"Código Civil","313","Pendente",""
"Código Civil","314","Pendente",""
"Código Civil","315","Pendente",""
"Código Civil","316","Pendente",""
"Código Civil","317","Pendente",""
"Código Civil","318","Pendente",""
"Código Civil","319","Pendente",""
"Código Civil","320","Pendente",""
"Código Civil","321","Pendente",""
"Código Civil","322","Pendente",""
"Código Civil","323","Pendente",""
"Código Civil","324","Pendente",""
"Código Civil","325","Pendente",""
"Código Civil","326","Pendente",""
"Código Civil","327","Pendente",""
"Código Civil","328","Pendente",""
"Código Civil","329","Pendente",""
"Código Civil","330","Pendente",""
"Código Civil","331","Pendente",""
"Código Civil","332","Pendente",""
"Código Civil","333","Pendente",""
"Código Civil","334","Pendente",""
"Código Civil","335","Pendente",""
"Código Civil","336","Pendente",""
"Código Civil","337","Pendente",""
"Código Civil","338","Pendente",""
"Código Civil","339","Pendente",""
"Código Civil","340","Pendente",""
"Código Civil","341","Pendente",""
"Código Civil","342","Pendente",""
"Código Civil","343","Pendente",""
"Código Civil","344","Pendente",""
"Código Civil","345","Pendente",""
"Código Civil","346","Pendente",""
"Código Civil","347","Pendente",""
"Código Civil","348","Pendente",""
"Código Civil","349","Pendente",""
"Código Civil","350","Pendente",""
"Código Civil","351","Pendente",""
"Código Civil","352","Pendente",""
"Código Civil","353","Pendente",""
"Código Civil","354","Pendente",""
"Código Civil","355","Pendente",""
"Código Civil","356","Pendente",""
"Código Civil","357","Pendente",""
"Código Civil","358","Pendente",""
"Código Civil","359","Pendente",""
"Código Civil","360","Pendente",""
"Código Civil","361","Pendente",""
"Código Civil","362","Pendente",""
"Código Civil","363","Pendente",""
"Código Civil","364","Pendente",""
"Código Civil","365","Pendente",""
"Código Civil","366","Pendente",""
"Código Civil","367","Pendente",""
"Código Civil","368","Pendente",""
"Código Civil","369","Pendente",""
"Código Civil","370","Pendente",""
"Código Civil","371","Pendente",""
"Código Civil","372","Pendente",""
"Código Civil","373","Pendente",""
"Código Civil","374","Pendente",""
"Código Civil","375","Pendente",""
"Código Civil","376","Pendente",""
"Código Civil","377","Pendente",""
"Código Civil","378","Pendente",""
"Código Civil","379","Pendente",""
"Código Civil","380","Pendente",""
"Código Civil","381","Pendente",""
"Código Civil","382","Pendente",""
"Código Civil","383","Pendente",""
"Código Civil","384","Pendente",""
"Código Civil","385","Pendente",""
"Código Civil","386","Pendente",""
"Código Civil","387","Pendente",""
"Código Civil","388","Pendente",""
"Código Civil","389","Pendente",""
"Código Civil","390","Pendente",""
"Código Civil","391","Pendente",""
"Código Civil","392","Pendente",""
"Código Civil","393","Pendente",""
"Código Civil","394","Pendente",""
"Código Civil","395","Pendente",""
"Código Civil","396","Pendente",""
"Código Civil","397","Pendente",""
"Código Civil","398","Pendente",""
"Código Civil","399","Pendente",""
"Código Civil","400","Pendente",""
"Código Civil","401","Pendente",""
"Código Civil","402","Pendente",""
"Código Civil","403","Pendente",""
"Código Civil","404","Pendente",""
"Código Civil","405","Pendente",""
"Código Civil","406","Pendente",""
"Código Civil","407","Pendente",""
"Código Civil","408","Pendente",""
"Código Civil","409","Pendente",""
"Código Civil","410","Pendente",""
"Código Civil","411","Pendente",""
"Código Civil","412","Pendente",""
"Código Civil","413","Pendente",""
"Código Civil","414","Pendente",""
"Código Civil","415","Pendente",""
"Código Civil","416","Pendente",""
"Código Civil","417","Pendente",""
"Código Civil","418","Pendente",""
"Código Civil","419","Pendente",""
"Código Civil","420","Pendente",""
"Código Civil","421","Pendente",""
"Código Civil","421-A","Pendente",""
"Código Civil","422","Pendente",""
"Código Civil","423","Pendente",""
"Código Civil","424","Pendente",""
"Código Civil","425","Pendente",""
"Código Civil","426","Pendente",""
"Código Civil","427","Pendente",""
"Código Civil","428","Pendente",""
"Código Civil","429","Pendente",""
"Código Civil","430","Pendente",""
"Código Civil","431","Pendente",""
"Código Civil","432","Pendente",""
"Código Civil","433","Pendente",""
"Código Civil","434","Pendente",""
"Código Civil","435","Pendente",""
"Código Civil","436","Pendente",""
"Código Civil","437","Pendente",""
"Código Civil","438","Pendente",""
"Código Civil","439","Pendente",""
"Código Civil","440","Pendente",""
"Código Civil","441","Pendente",""
"Código Civil","442","Pendente",""
"Código Civil","443","Pendente",""
"Código Civil","444","Pendente",""
"Código Civil","445","Pendente",""
"Código Civil","446","Pendente",""
"Código Civil","447","Pendente",""
"Código Civil","448","Pendente",""
"Código Civil","449","Pendente",""
"Código Civil","450","Pendente",""
"Código Civil","451","Pendente",""
"Código Civil","452","Pendente",""
"Código Civil","453","Pendente",""
"Código Civil","454","Pendente",""
"Código Civil","455","Pendente",""
"Código Civil","456","Pendente",""
"Código Civil","457","Pendente",""
"Código Civil","458","Pendente",""
"Código Civil","459","Pendente",""
"Código Civil","460","Pendente",""
"Código Civil","461","Pendente",""
"Código Civil","462","Pendente",""
"Código Civil","463","Pendente",""
"Código Civil","464","Pendente",""
"Código Civil","465","Pendente",""
"Código Civil","466","Pendente",""
"Código Civil","467","Pendente",""
"Código Civil","468","Pendente",""
"Código Civil","469","Pendente",""
"Código Civil","470","Pendente",""
"Código Civil","471","Pendente",""
"Código Civil","472","Pendente",""
"Código Civil","473","Pendente",""
"Código Civil","474","Pendente",""
"Código Civil","475","Pendente",""
"Código Civil","476","Pendente",""
"Código Civil","477","Pendente",""
"Código Civil","478","Pendente",""
"Código Civil","479","Pendente",""
"Código Civil","480","Pendente",""
"Código Civil","481","Pendente",""
"Código Civil","482","Pendente",""
"Código Civil","483","Pendente",""
"Código Civil","484","Pendente",""
"Código Civil","485","Pendente",""
"Código Civil","486","Pendente",""
"Código Civil","487","Pendente",""
"Código Civil","488","Pendente",""
"Código Civil","489","Pendente",""
"Código Civil","490","Pendente",""
"Código Civil","491","Pendente",""
"Código Civil","492","Pendente",""
"Código Civil","493","Pendente",""
"Código Civil","494","Pendente",""
"Código Civil","495","Pendente",""
"Código Civil","496","Pendente",""
"Código Civil","497","Pendente",""
"Código Civil","498","Pendente",""
"Código Civil","499","Pendente",""
"Código Civil","500","Pendente",""
"Código Civil","501","Pendente",""
"Código Civil","502","Pendente",""
"Código Civil","503","Pendente",""
"Código Civil","504","Pendente",""
"Código Civil","505","Pendente",""
"Código Civil","506","Pendente",""
"Código Civil","507","Pendente",""
"Código Civil","508","Pendente",""
"Código Civil","509","Pendente",""
"Código Civil","510","Pendente",""
"Código Civil","511","Pendente",""
"Código Civil","512","Pendente",""
"Código Civil","513","Pendente",""
"Código Civil","514","Pendente",""
"Código Civil","515","Pendente",""
"Código Civil","516","Pendente",""
"Código Civil","517","Pendente",""
"Código Civil","518","Pendente",""
"Código Civil","519","Pendente",""
"Código Civil","520","Pendente",""
"Código Civil","521","Pendente",""
"Código Civil","522","Pendente",""
"Código Civil","523","Pendente",""
"Código Civil","524","Pendente",""
"Código Civil","525","Pendente",""
"Código Civil","526","Pendente",""
"Código Civil","527","Pendente",""
"Código Civil","528","Pendente",""
"Código Civil","529","Pendente",""
"Código Civil","530","Pendente",""
"Código Civil","531","Pendente",""
"Código Civil","532","Pendente",""
"Código Civil","533","Pendente",""
"Código Civil","534","Pendente",""
"Código Civil","535","Pendente",""
"Código Civil","536","Pendente",""
"Código Civil","537","Pendente",""
"Código Civil","538","Pendente",""
"Código Civil","539","Pendente",""
"Código Civil","540","Pendente",""
"Código Civil","541","Pendente",""
"Código Civil","542","Pendente",""
"Código Civil","543","Pendente",""
"Código Civil","544","Pendente",""
"Código Civil","545","Pendente",""
"Código Civil","546","Pendente",""
"Código Civil","547","Pendente",""
"Código Civil","548","Pendente",""
"Código Civil","549","Pendente",""
"Código Civil","550","Pendente",""
"Código Civil","551","Pendente",""
"Código Civil","552","Pendente",""
"Código Civil","553","Pendente",""
"Código Civil","554","Pendente",""
"Código Civil","555","Pendente",""
"Código Civil","556","Pendente",""
"Código Civil","557","Pendente",""
"Código Civil","558","Pendente",""
"Código Civil","559","Pendente",""
"Código Civil","560","Pendente",""
"Código Civil","561","Pendente",""
"Código Civil","562","Pendente",""
"Código Civil","563","Pendente",""
"Código Civil","564","Pendente",""
"Código Civil","565","Pendente",""
"Código Civil","566","Pendente",""
"Código Civil","567","Pendente",""
"Código Civil","568","Pendente",""
"Código Civil","569","Pendente",""
"Código Civil","570","Pendente",""
"Código Civil","571","Pendente",""
"Código Civil","572","Pendente",""
"Código Civil","573","Pendente",""
"Código Civil","574","Pendente",""
"Código Civil","575","Pendente",""
"Código Civil","576","Pendente",""
"Código Civil","577","Pendente",""
"Código Civil","578","Pendente",""
"Código Civil","579","Pendente",""
"Código Civil","580","Pendente",""
"Código Civil","581","Pendente",""
"Código Civil","582","Pendente",""
"Código Civil","583","Pendente",""
"Código Civil","584","Pendente",""
"Código Civil","585","Pendente",""
"Código Civil","586","Pendente",""
"Código Civil","587","Pendente",""
"Código Civil","588","Pendente",""
"Código Civil","589","Pendente",""
"Código Civil","590","Pendente",""
"Código Civil","591","Pendente",""
"Código Civil","592","Pendente",""
"Código Civil","593","Pendente",""
"Código Civil","594","Pendente",""
"Código Civil","595","Pendente",""
"Código Civil","596","Pendente",""
"Código Civil","597","Pendente",""
"Código Civil","598","Pendente",""
"Código Civil","599","Pendente",""
"Código Civil","600","Pendente",""
"Código Civil","601","Pendente",""
"Código Civil","602","Pendente",""
"Código Civil","603","Pendente",""
"Código Civil","604","Pendente",""
"Código Civil","605","Pendente",""
"Código Civil","606","Pendente",""
"Código Civil","607","Pendente",""
"Código Civil","608","Pendente",""
"Código Civil","609","Pendente",""
"Código Civil","610","Pendente",""
"Código Civil","611","Pendente",""
"Código Civil","612","Pendente",""
"Código Civil","613","Pendente",""
"Código Civil","614","Pendente",""
"Código Civil","615","Pendente",""
"Código Civil","616","Pendente",""
"Código Civil","617","Pendente",""
"Código Civil","618","Pendente",""
"Código Civil","619","Pendente",""
"Código Civil","620","Pendente",""
"Código Civil","621","Pendente",""
"Código Civil","622","Pendente",""
"Código Civil","623","Pendente",""
"Código Civil","624","Pendente",""
"Código Civil","625","Pendente",""
"Código Civil","626","Pendente",""
"Código Civil","627","Pendente",""
"Código Civil","628","Pendente",""
"Código Civil","629","Pendente",""
"Código Civil","630","Pendente",""
"Código Civil","631","Pendente",""
"Código Civil","632","Pendente",""
"Código Civil","633","Pendente",""
"Código Civil","644","Pendente",""
"Código Civil","634","Pendente",""
"Código Civil","635","Pendente",""
"Código Civil","636","Pendente",""
"Código Civil","637","Pendente",""
"Código Civil","638","Pendente",""
"Código Civil","639","Pendente",""
"Código Civil","640","Pendente",""
"Código Civil","641","Pendente",""
"Código Civil","642","Pendente",""
"Código Civil","643","Pendente",""
"Código Civil","645","Pendente",""
"Código Civil","646","Pendente",""
"Código Civil","647","Pendente",""
"Código Civil","648","Pendente",""
"Código Civil","649","Pendente",""
"Código Civil","650","Pendente",""
"Código Civil","651","Pendente",""
"Código Civil","652","Pendente",""
"Código Civil","653","Pendente",""
"Código Civil","654","Pendente",""
"Código Civil","655","Pendente",""
"Código Civil","656","Pendente",""
"Código Civil","657","Pendente",""
"Código Civil","658","Pendente",""
"Código Civil","659","Pendente",""
"Código Civil","660","Pendente",""
"Código Civil","661","Pendente",""
"Código Civil","662","Pendente",""
"Código Civil","663","Pendente",""
"Código Civil","664","Pendente",""
"Código Civil","665","Pendente",""
"Código Civil","666","Pendente",""
"Código Civil","667","Pendente",""
"Código Civil","668","Pendente",""
"Código Civil","669","Pendente",""
"Código Civil","670","Pendente",""
"Código Civil","671","Pendente",""
"Código Civil","672","Pendente",""
"Código Civil","673","Pendente",""
"Código Civil","674","Pendente",""
"Código Civil","675","Pendente",""
"Código Civil","676","Pendente",""
"Código Civil","677","Pendente",""
"Código Civil","678","Pendente",""
"Código Civil","679","Pendente",""
"Código Civil","680","Pendente",""
"Código Civil","681","Pendente",""
"Código Civil","682","Pendente",""
"Código Civil","683","Pendente",""
"Código Civil","684","Pendente",""
"Código Civil","685","Pendente",""
"Código Civil","686","Pendente",""
"Código Civil","687","Pendente",""
"Código Civil","688","Pendente",""
"Código Civil","689","Pendente",""
"Código Civil","690","Pendente",""
"Código Civil","691","Pendente",""
"Código Civil","692","Pendente",""
"Código Civil","693","Pendente",""
"Código Civil","694","Pendente",""
"Código Civil","695","Pendente",""
"Código Civil","696","Pendente",""
"Código Civil","697","Pendente",""
"Código Civil","698","Pendente",""
"Código Civil","699","Pendente",""
"Código Civil","700","Pendente",""
"Código Civil","701","Pendente",""
"Código Civil","702","Pendente",""
"Código Civil","703","Pendente",""
"Código Civil","704","Pendente",""
"Código Civil","705","Pendente",""
"Código Civil","706","Pendente",""
"Código Civil","707","Pendente",""
"Código Civil","708","Pendente",""
"Código Civil","709","Pendente",""
"Código Civil","710","Pendente",""
"Código Civil","711","Pendente",""
"Código Civil","712","Pendente",""
"Código Civil","713","Pendente",""
"Código Civil","714","Pendente",""
"Código Civil","715","Pendente",""
"Código Civil","716","Pendente",""
"Código Civil","717","Pendente",""
"Código Civil","718","Pendente",""
"Código Civil","719","Pendente",""
"Código Civil","720","Pendente",""
"Código Civil","721","Pendente",""
"Código Civil","722","Pendente",""
"Código Civil","723","Pendente",""
"Código Civil","724","Pendente",""
"Código Civil","725","Pendente",""
"Código Civil","726","Pendente",""
"Código Civil","727","Pendente",""
"Código Civil","728","Pendente",""
"Código Civil","729","Pendente",""
"Código Civil","730","Pendente",""
"Código Civil","731","Pendente",""
"Código Civil","732","Pendente",""
"Código Civil","733","Pendente",""
"Código Civil","734","Pendente",""
"Código Civil","735","Pendente",""
"Código Civil","736","Pendente",""
"Código Civil","737","Pendente",""
"Código Civil","738","Pendente",""
"Código Civil","739","Pendente",""
"Código Civil","740","Pendente",""
"Código Civil","741","Pendente",""
"Código Civil","742","Pendente",""
"Código Civil","743","Pendente",""
"Código Civil","744","Pendente",""
"Código Civil","745","Pendente",""
"Código Civil","746","Pendente",""
"Código Civil","747","Pendente",""
"Código Civil","748","Pendente",""
"Código Civil","749","Pendente",""
"Código Civil","750","Pendente",""
"Código Civil","751","Pendente",""
"Código Civil","752","Pendente",""
"Código Civil","753","Pendente",""
"Código Civil","754","Pendente",""
"Código Civil","755","Pendente",""
"Código Civil","756","Pendente",""
"Código Civil","757","Pendente",""
"Código Civil","758","Pendente",""
"Código Civil","759","Pendente",""
"Código Civil","760","Pendente",""
"Código Civil","761","Pendente",""
"Código Civil","762","Pendente",""
"Código Civil","763","Pendente",""
"Código Civil","764","Pendente",""
"Código Civil","765","Pendente",""
"Código Civil","766","Pendente",""
"Código Civil","767","Pendente",""
"Código Civil","768","Pendente",""
"Código Civil","769","Pendente",""
"Código Civil","770","Pendente",""
"Código Civil","771","Pendente",""
"Código Civil","772","Pendente",""
"Código Civil","773","Pendente",""
"Código Civil","774","Pendente",""
"Código Civil","775","Pendente",""
"Código Civil","776","Pendente",""
"Código Civil","777","Pendente",""
"Código Civil","778","Pendente",""
"Código Civil","779","Pendente",""
"Código Civil","780","Pendente",""
"Código Civil","781","Pendente",""
"Código Civil","782","Pendente",""
"Código Civil","783","Pendente",""
"Código Civil","784","Pendente",""
"Código Civil","785","Pendente",""
"Código Civil","786","Pendente",""
"Código Civil","787","Pendente",""
"Código Civil","788","Pendente",""
"Código Civil","789","Pendente",""
"Código Civil","790","Pendente",""
"Código Civil","791","Pendente",""
"Código Civil","792","Pendente",""
"Código Civil","793","Pendente",""
"Código Civil","794","Pendente",""
"Código Civil","795","Pendente",""
"Código Civil","796","Pendente",""
"Código Civil","797","Pendente",""
"Código Civil","798","Pendente",""
"Código Civil","799","Pendente",""
"Código Civil","800","Pendente",""
"Código Civil","801","Pendente",""
"Código Civil","802","Pendente",""
"Código Civil","803","Pendente",""
"Código Civil","804","Pendente",""
"Código Civil","805","Pendente",""
"Código Civil","806","Pendente",""
"Código Civil","807","Pendente",""
"Código Civil","808","Pendente",""
"Código Civil","809","Pendente",""
"Código Civil","810","Pendente",""
"Código Civil","811","Pendente",""
"Código Civil","812","Pendente",""
"Código Civil","813","Pendente",""
"Código Civil","814","Pendente",""
"Código Civil","815","Pendente",""
"Código Civil","816","Pendente",""
"Código Civil","817","Pendente",""
"Código Civil","818","Pendente",""
"Código Civil","819","Pendente",""
"Código Civil","819-A","Pendente",""
"Código Civil","820","Pendente",""
"Código Civil","821","Pendente",""
"Código Civil","822","Pendente",""
"Código Civil","823","Pendente",""
"Código Civil","824","Pendente",""
"Código Civil","825","Pendente",""
"Código Civil","826","Pendente",""
"Código Civil","827","Pendente",""
"Código Civil","828","Pendente",""
"Código Civil","829","Pendente",""
"Código Civil","830","Pendente",""
"Código Civil","831","Pendente",""
"Código Civil","832","Pendente",""
"Código Civil","833","Pendente",""
"Código Civil","834","Pendente",""
"Código Civil","835","Pendente",""
"Código Civil","836","Pendente",""
"Código Civil","837","Pendente",""
"Código Civil","838","Pendente",""
"Código Civil","839","Pendente",""
"Código Civil","840","Pendente",""
"Código Civil","841","Pendente",""
"Código Civil","842","Pendente",""
"Código Civil","843","Pendente",""
"Código Civil","844","Pendente",""
"Código Civil","845","Pendente",""
"Código Civil","846","Pendente",""
"Código Civil","847","Pendente",""
"Código Civil","848","Pendente",""
"Código Civil","849","Pendente",""
"Código Civil","850","Pendente",""
"Código Civil","851","Pendente",""
"Código Civil","852","Pendente",""
"Código Civil","853","Pendente",""
"Código Civil","854","Pendente",""
"Código Civil","855","Pendente",""
"Código Civil","856","Pendente",""
"Código Civil","857","Pendente",""
"Código Civil","858","Pendente",""
"Código Civil","859","Pendente",""
"Código Civil","860","Pendente",""
"Código Civil","861","Pendente",""
"Código Civil","862","Pendente",""
"Código Civil","863","Pendente",""
"Código Civil","864","Pendente",""
"Código Civil","865","Pendente",""
"Código Civil","866","Pendente",""
"Código Civil","867","Pendente",""
"Código Civil","868","Pendente",""
"Código Civil","869","Pendente",""
"Código Civil","870","Pendente",""
"Código Civil","871","Pendente",""
"Código Civil","872","Pendente",""
"Código Civil","873","Pendente",""
"Código Civil","874","Pendente",""
"Código Civil","875","Pendente",""
"Código Civil","876","Pendente",""
"Código Civil","877","Pendente",""
"Código Civil","878","Pendente",""
"Código Civil","879","Pendente",""
"Código Civil","880","Pendente",""
"Código Civil","881","Pendente",""
"Código Civil","882","Pendente",""
"Código Civil","883","Pendente",""
"Código Civil","884","Pendente",""
"Código Civil","885","Pendente",""
"Código Civil","886","Pendente",""
"Código Civil","887","Pendente",""
"Código Civil","888","Pendente",""
"Código Civil","889","Pendente",""
"Código Civil","890","Pendente",""
"Código Civil","891","Pendente",""
"Código Civil","892","Pendente",""
"Código Civil","893","Pendente",""
"Código Civil","894","Pendente",""
"Código Civil","895","Pendente",""
"Código Civil","896","Pendente",""
"Código Civil","897","Pendente",""
"Código Civil","898","Pendente",""
"Código Civil","899","Pendente",""
"Código Civil","900","Pendente",""
"Código Civil","901","Pendente",""
"Código Civil","902","Pendente",""
"Código Civil","903","Pendente",""
"Código Civil","904","Pendente",""
"Código Civil","905","Pendente",""
"Código Civil","906","Pendente",""
"Código Civil","907","Pendente",""
"Código Civil","908","Pendente",""
"Código Civil","909","Pendente",""
"Código Civil","910","Pendente",""
"Código Civil","911","Pendente",""
"Código Civil","912","Pendente",""
"Código Civil","913","Pendente",""
"Código Civil","914","Pendente",""
"Código Civil","915","Pendente",""
"Código Civil","916","Pendente",""
"Código Civil","917","Pendente",""
"Código Civil","918","Pendente",""
"Código Civil","919","Pendente",""
"Código Civil","920","Pendente",""
"Código Civil","922","Pendente",""
"Código Civil","923","Pendente",""
"Código Civil","924","Pendente",""
"Código Civil","925","Pendente",""
"Código Civil","926","Pendente",""
"Código Civil","927","Pendente",""
"Código Civil","928","Pendente",""
"Código Civil","929","Pendente",""
"Código Civil","930","Pendente",""
"Código Civil","931","Pendente",""
"Código Civil","932","Pendente",""
"Código Civil","933","Pendente",""
"Código Civil","934","Pendente",""
"Código Civil","935","Pendente",""
"Código Civil","936","Pendente",""
"Código Civil","937","Pendente",""
"Código Civil","938","Pendente",""
"Código Civil","939","Pendente",""
"Código Civil","940","Pendente",""
"Código Civil","941","Pendente",""
"Código Civil","942","Pendente",""
"Código Civil","943","Pendente",""
"Código Civil","944","Pendente",""
"Código Civil","945","Pendente",""
"Código Civil","946","Pendente",""
"Código Civil","947","Pendente",""
"Código Civil","948","Pendente",""
"Código Civil","949","Pendente",""
"Código Civil","950","Pendente",""
"Código Civil","951","Pendente",""
"Código Civil","952","Pendente",""
"Código Civil","953","Pendente",""
"Código Civil","954","Pendente",""
"Código Civil","955","Pendente",""
"Código Civil","956","Pendente",""
"Código Civil","957","Pendente",""
"Código Civil","958","Pendente",""
"Código Civil","959","Pendente",""
"Código Civil","960","Pendente",""
"Código Civil","961","Pendente",""
"Código Civil","962","Pendente",""
"Código Civil","963","Pendente",""
"Código Civil","964","Pendente",""
"Código Civil","965","Pendente",""
"Código Civil","966","Pendente",""
"Código Civil","967","Pendente",""
"Código Civil","968","Pendente",""
"Código Civil","969","Pendente",""
"Código Civil","970","Pendente",""
"Código Civil","971","Pendente",""
"Código Civil","972","Pendente",""
"Código Civil","973","Pendente",""
"Código Civil","974","Pendente",""
"Código Civil","975","Pendente",""
"Código Civil","976","Pendente",""
"Código Civil","977","Pendente",""
"Código Civil","978","Pendente",""
"Código Civil","979","Pendente",""
"Código Civil","980","Pendente",""
"Código Civil","980-A","Pendente",""
"Código Civil","981","Pendente",""
"Código Civil","982","Pendente",""
"Código Civil","983","Pendente",""
"Código Civil","984","Pendente",""
"Código Civil","985","Pendente",""
"Código Civil","986","Pendente",""
"Código Civil","987","Pendente",""
"Código Civil","988","Pendente",""
"Código Civil","989","Pendente",""
"Código Civil","990","Pendente",""
"Código Civil","991","Pendente",""
"Código Civil","992","Pendente",""
"Código Civil","993","Pendente",""
"Código Civil","994","Pendente",""
"Código de Processo Penal","1º","Pendente",""
"Código de Processo Penal","2º","Pendente",""
"Código de Processo Penal","3º","Pendente",""
"Código de Processo Penal","3º-A","Pendente",""
"Código de Processo Penal","3º-B","Pendente",""
"Código de Processo Penal","3º-C","Pendente",""
"Código de Processo Penal","3º-D","Pendente",""
"Código de Processo Penal","3º-E","Pendente",""
"Código de Processo Penal","3º-F","Pendente",""
"Código de Processo Penal","4º","Pendente",""
"Código de Processo Penal","5º","Pendente",""
"Código de Processo Penal","6º","Pendente",""
"Código de Processo Penal","7º","Pendente",""
"Código de Processo Penal","8º","Pendente",""
"Código de Processo Penal","9º","Pendente",""
"Código de Processo Penal","10","Pendente",""
"Código de Processo Penal","11","Pendente",""
"Código de Processo Penal","12","Pendente",""
"Código de Processo Penal","13","Pendente",""
"Código de Processo Penal","13-A","Pendente",""
"Código de Processo Penal","13-B","Pendente",""
"Código de Processo Penal","14","Pendente",""
"Código de Processo Penal","14-A","Pendente",""
"Código de Processo Penal","15","Pendente",""
"Código de Processo Penal","16","Pendente",""
"Código de Processo Penal","17","Pendente",""
"Código de Processo Penal","18","Pendente",""
"Código de Processo Penal","19","Pendente",""
"Código de Processo Penal","20","Pendente",""
"Código de Processo Penal","21","Pendente",""
"Código de Processo Penal","22","Pendente",""
"Código de Processo Penal","23","Pendente",""
"Código de Processo Penal","24","Pendente",""
"Código de Processo Penal","25","Pendente",""
"Código de Processo Penal","26","Pendente",""
"Código de Processo Penal","27","Pendente",""
"Código de Processo Penal","28","Pendente",""
"Código de Processo Penal","28-A","Pendente",""
"Código de Processo Penal","29","Pendente",""
"Código de Processo Penal","30","Pendente",""
"Código de Processo Penal","31","Pendente",""
"Código de Processo Penal","32","Pendente",""
"Código de Processo Penal","33","Pendente",""
"Código de Processo Penal","34","Pendente",""
"Código de Processo Penal","35","Pendente",""
"Código de Processo Penal","36","Pendente",""
"Código de Processo Penal","37","Pendente",""
"Código de Processo Penal","38","Pendente",""
"Código de Processo Penal","39","Pendente",""
"Código de Processo Penal","40","Pendente",""
"Código de Processo Penal","41","Pendente",""
"Código de Processo Penal","42","Pendente",""
"Código de Processo Penal","43","Pendente",""
"Código de Processo Penal","44","Pendente",""
"Código de Processo Penal","45","Pendente",""
"Código de Processo Penal","46","Pendente",""
"Código de Processo Penal","47","Pendente",""
"Código de Processo Penal","48","Pendente",""
"Código de Processo Penal","49","Pendente",""
"Código de Processo Penal","50","Pendente",""
"Código de Processo Penal","51","Pendente",""
"Código de Processo Penal","52","Pendente",""
"Código de Processo Penal","53","Pendente",""
"Código de Processo Penal","54","Pendente",""
"Código de Processo Penal","55","Pendente",""
"Código de Processo Penal","56","Pendente",""
"Código de Processo Penal","57","Pendente",""
"Código de Processo Penal","58","Pendente",""
"Código de Processo Penal","59","Pendente",""
"Código de Processo Penal","60","Pendente",""
"Código de Processo Penal","61","Pendente",""
"Código de Processo Penal","62","Pendente",""
"Código de Processo Penal","63","Pendente",""
"Código de Processo Penal","64","Pendente",""
"Código de Processo Penal","65","Pendente",""
"Código de Processo Penal","66","Pendente",""
"Código de Processo Penal","67","Pendente",""
"Código de Processo Penal","68","Pendente",""
"Código de Processo Penal","69","Pendente",""
"Código de Processo Penal","70","Pendente",""
"Código de Processo Penal","71","Pendente",""
"Código de Processo Penal","72","Pendente",""
"Código de Processo Penal","73","Pendente",""
"Código de Processo Penal","74","Pendente",""
"Código de Processo Penal","75","Pendente",""
"Código de Processo Penal","76","Pendente",""
"Código de Processo Penal","77","Pendente",""
"Código de Processo Penal","78","Pendente",""
"Código de Processo Penal","79","Pendente",""
"Código de Processo Penal","80","Pendente",""
"Código de Processo Penal","81","Pendente",""
"Código de Processo Penal","82","Pendente",""
"Código de Processo Penal","83","Pendente",""
"Código de Processo Penal","84","Pendente",""
"Código de Processo Penal","85","Pendente",""
"Código de Processo Penal","86","Pendente",""
"Código de Processo Penal","87","Pendente",""
"Código de Processo Penal","88","Pendente",""
"Código de Processo Penal","89","Pendente",""
"Código de Processo Penal","90","Pendente",""
"Código de Processo Penal","91","Pendente",""
"Código de Processo Penal","92","Pendente",""
"Código de Processo Penal","93","Pendente",""
"Código de Processo Penal","94","Pendente",""
"Código de Processo Penal","95","Pendente",""
"Código de Processo Penal","96","Pendente",""
"Código de Processo Penal","97","Pendente",""
"Código de Processo Penal","98","Pendente",""
"Código de Processo Penal","99","Pendente",""
"Código de Processo Penal","100","Pendente",""
"Código de Processo Penal","101","Pendente",""
"Código de Processo Penal","102","Pendente",""
"Código de Processo Penal","103","Pendente",""
"Código de Processo Penal","104","Pendente",""
"Código de Processo Penal","105","Pendente",""
"Código de Processo Penal","106","Pendente",""
"Código de Processo Penal","107","Pendente",""
"Código de Processo Penal","108","Pendente",""
"Código de Processo Penal","109","Pendente",""
"Código de Processo Penal","110","Pendente",""
"Código de Processo Penal","111","Pendente",""
"Código de Processo Penal","112","Pendente",""
"Código de Processo Penal","113","Pendente",""
"Código de Processo Penal","114","Pendente",""
"Código de Processo Penal","115","Pendente",""
"Código de Processo Penal","116","Pendente",""
"Código de Processo Penal","117","Pendente",""
"Código de Processo Penal","118","Pendente",""
"Código de Processo Penal","119","Pendente",""
"Código de Processo Penal","120","Pendente",""
"Código de Processo Penal","121","Pendente",""
"Código de Processo Penal","122","Pendente",""
"Código de Processo Penal","123","Pendente",""
"Código de Processo Penal","124","Pendente",""
"Código de Processo Penal","124-A","Pendente",""
"Código de Processo Penal","125","Pendente",""
"Código de Processo Penal","126","Pendente",""
"Código de Processo Penal","127","Pendente",""
"Código de Processo Penal","128","Pendente",""
"Código de Processo Penal","129","Pendente",""
"Código de Processo Penal","130","Pendente",""
"Código de Processo Penal","131","Pendente",""
"Código de Processo Penal","132","Pendente",""
"Código de Processo Penal","133","Pendente",""
"Código de Processo Penal","133-A","Pendente",""
"Código de Processo Penal","134","Pendente",""
"Código de Processo Penal","135","Pendente",""
"Código de Processo Penal","136","Pendente",""
"Código de Processo Penal","137","Pendente",""
"Código de Processo Penal","138","Pendente",""
"Código de Processo Penal","139","Pendente",""
"Código de Processo Penal","140","Pendente",""
"Código de Processo Penal","141","Pendente",""
"Código de Processo Penal","142","Pendente",""
"Código de Processo Penal","143","Pendente",""
"Código de Processo Penal","144","Pendente",""
"Código de Processo Penal","145","Pendente",""
"Código de Processo Penal","146","Pendente",""
"Código de Processo Penal","147","Pendente",""
"Código de Processo Penal","148","Pendente",""
"Código de Processo Penal","149","Pendente",""
"Código de Processo Penal","150","Pendente",""
"Código de Processo Penal","151","Pendente",""
"Código de Processo Penal","152","Pendente",""
"Código de Processo Penal","153","Pendente",""
"Código de Processo Penal","154","Pendente",""
"Código de Processo Penal","155","Pendente",""
"Código de Processo Penal","156","Pendente",""
"Código de Processo Penal","157","Pendente",""
"Código de Processo Penal","158","Pendente",""
"Código de Processo Penal","158-A","Pendente",""
"Código de Processo Penal","158-B","Pendente",""
"Código de Processo Penal","158-C","Pendente",""
"Código de Processo Penal","158-D","Pendente",""
"Código de Processo Penal","158-E","Pendente",""
"Código de Processo Penal","158-F","Pendente",""
"Código de Processo Penal","159","Pendente",""
"Código de Processo Penal","160","Pendente",""
"Código de Processo Penal","161","Pendente",""
"Código de Processo Penal","162","Pendente",""
"Código de Processo Penal","163","Pendente",""
"Código de Processo Penal","164","Pendente",""
"Código de Processo Penal","165","Pendente",""
"Código de Processo Penal","166","Pendente",""
"Código de Processo Penal","167","Pendente",""
"Código de Processo Penal","168","Pendente",""
"Código de Processo Penal","169","Pendente",""
"Código de Processo Penal","170","Pendente",""
"Código de Processo Penal","171","Pendente",""
"Código de Processo Penal","172","Pendente",""
"Código de Processo Penal","173","Pendente",""
"Código de Processo Penal","174","Pendente",""
"Código de Processo Penal","175","Pendente",""
"Código de Processo Penal","176","Pendente",""
"Código de Processo Penal","177","Pendente",""
"Código de Processo Penal","178","Pendente",""
"Código de Processo Penal","179","Pendente",""
"Código de Processo Penal","180","Pendente",""
"Código de Processo Penal","181","Pendente",""
"Código de Processo Penal","182","Pendente",""
"Código de Processo Penal","183","Pendente",""
"Código de Processo Penal","184","Pendente",""
"Código de Processo Penal","185","Pendente",""
"Código de Processo Penal","186","Pendente",""
"Código de Processo Penal","187","Pendente",""
"Código de Processo Penal","188","Pendente",""
"Código de Processo Penal","189","Pendente",""
"Código de Processo Penal","190","Pendente",""
"Código de Processo Penal","191","Pendente",""
"Código de Processo Penal","192","Pendente",""
"Código de Processo Penal","193","Pendente",""
"Código de Processo Penal","195","Pendente",""
"Código de Processo Penal","196","Pendente",""
"Código de Processo Penal","197","Pendente",""
"Código de Processo Penal","198","Pendente",""
"Código de Processo Penal","199","Pendente",""
"Código de Processo Penal","200","Pendente",""
"Código de Processo Penal","201","Pendente",""
"Código de Processo Penal","202","Pendente",""
"Código de Processo Penal","203","Pendente",""
"Código de Processo Penal","204","Pendente",""
"Código de Processo Penal","205","Pendente",""
"Código de Processo Penal","206","Pendente",""
"Código de Processo Penal","207","Pendente",""
"Código de Processo Penal","208","Pendente",""
"Código de Processo Penal","209","Pendente",""
"Código de Processo Penal","210","Pendente",""
"Código de Processo Penal","211","Pendente",""
"Código de Processo Penal","212","Pendente",""
"Código de Processo Penal","213","Pendente",""
"Código de Processo Penal","214","Pendente",""
"Código de Processo Penal","215","Pendente",""
"Código de Processo Penal","216","Pendente",""
"Código de Processo Penal","217","Pendente",""
"Código de Processo Penal","218","Pendente",""
"Código de Processo Penal","219","Pendente",""
"Código de Processo Penal","220","Pendente",""
"Código de Processo Penal","221","Pendente",""
"Código de Processo Penal","222","Pendente",""
"Código de Processo Penal","222-A","Pendente",""
"Código de Processo Penal","223","Pendente",""
"Código de Processo Penal","224","Pendente",""
"Código de Processo Penal","225","Pendente",""
"Código de Processo Penal","226","Pendente",""
"Código de Processo Penal","227","Pendente",""
"Código de Processo Penal","228","Pendente",""
"Código de Processo Penal","229","Pendente",""
"Código de Processo Penal","230","Pendente",""
"Código de Processo Penal","231","Pendente",""
"Código de Processo Penal","232","Pendente",""
"Código de Processo Penal","233","Pendente",""
"Código de Processo Penal","234","Pendente",""
"Código de Processo Penal","235","Pendente",""
"Código de Processo Penal","236","Pendente",""
"Código de Processo Penal","237","Pendente",""
"Código de Processo Penal","238","Pendente",""
"Código de Processo Penal","239","Pendente",""
"Código de Processo Penal","240","Pendente",""
"Código de Processo Penal","241","Pendente",""
"Código de Processo Penal","242","Pendente",""
"Código de Processo Penal","243","Pendente",""
"Código de Processo Penal","244","Pendente",""
"Código de Processo Penal","245","Pendente",""
"Código de Processo Penal","246","Pendente",""
"Código de Processo Penal","247","Pendente",""
"Código de Processo Penal","248","Pendente",""
"Código de Processo Penal","249","Pendente",""
"Código de Processo Penal","250","Pendente",""
"Código de Processo Penal","251","Pendente",""
"Código de Processo Penal","252","Pendente",""
"Código de Processo Penal","253","Pendente",""
"Código de Processo Penal","254","Pendente",""
"Código de Processo Penal","255","Pendente",""
"Código de Processo Penal","256","Pendente",""
"Código de Processo Penal","258","Pendente",""
"Código de Processo Penal","259","Pendente",""
"Código de Processo Penal","260","Pendente",""
"Código de Processo Penal","261","Pendente",""
"Código de Processo Penal","262","Pendente",""
"Código de Processo Penal","263","Pendente",""
"Código de Processo Penal","264","Pendente",""
"Código de Processo Penal","265","Pendente",""
"Código de Processo Penal","266","Pendente",""
"Código de Processo Penal","267","Pendente",""
"Código de Processo Penal","268","Pendente",""
"Código de Processo Penal","269","Pendente",""
"Código de Processo Penal","270","Pendente",""
"Código de Processo Penal","271","Pendente",""
"Código de Processo Penal","272","Pendente",""
"Código de Processo Penal","273","Pendente",""
"Código de Processo Penal","274","Pendente",""
"Código de Processo Penal","275","Pendente",""
"Código de Processo Penal","276","Pendente",""
"Código de Processo Penal","277","Pendente",""
"Código de Processo Penal","278","Pendente",""
"Código de Processo Penal","279","Pendente",""
"Código de Processo Penal","280","Pendente",""
"Código de Processo Penal","281","Pendente",""
"Código de Processo Penal","282","Pendente",""
"Código de Processo Penal","283","Pendente",""
"Código de Processo Penal","284","Pendente",""
"Código de Processo Penal","285","Pendente",""
"Código de Processo Penal","286","Pendente",""
"Código de Processo Penal","287","Pendente",""
"Código de Processo Penal","288","Pendente",""
"Código de Processo Penal","289","Pendente",""
"Código de Processo Penal","290","Pendente",""
"Código de Processo Penal","291","Pendente",""
"Código de Processo Penal","292","Pendente",""
"Código de Processo Penal","293","Pendente",""
"Código de Processo Penal","294","Pendente",""
"Código de Processo Penal","295","Pendente",""
"Código de Processo Penal","296","Pendente",""
"Código de Processo Penal","297","Pendente",""
"Código de Processo Penal","298","Pendente",""
"Código de Processo Penal","299","Pendente",""
"Código de Processo Penal","300","Pendente",""
"Código de Processo Penal","300-A","Pendente",""
"Código de Processo Penal","301","Pendente",""
"Código de Processo Penal","302","Pendente",""
"Código de Processo Penal","303","Pendente",""
"Código de Processo Penal","304","Pendente",""
"Código de Processo Penal","305","Pendente",""
"Código de Processo Penal","306","Pendente",""
"Código de Processo Penal","307","Pendente",""
"Código de Processo Penal","308","Pendente",""
"Código de Processo Penal","309","Pendente",""
"Código de Processo Penal","310","Pendente",""
"Código de Processo Penal","311","Pendente",""
"Código de Processo Penal","312","Pendente",""
"Código de Processo Penal","313","Pendente",""
"Código de Processo Penal","314","Pendente",""
"Código de Processo Penal","315","Pendente",""
"Código de Processo Penal","316","Pendente",""
"Código de Processo Penal","317","Pendente",""
"Código de Processo Penal","318","Pendente",""
"Código de Processo Penal","318-A","Pendente",""
"Código de Processo Penal","318-B","Pendente",""
"Código de Processo Penal","319","Pendente",""
"Código de Processo Penal","320","Pendente",""
"Código de Processo Penal","321","Pendente",""
"Código de Processo Penal","322","Pendente",""
"Código de Processo Penal","323","Pendente",""
"Código de Processo Penal","324","Pendente",""
"Código de Processo Penal","325","Pendente",""
"Código de Processo Penal","326","Pendente",""
"Código de Processo Penal","327","Pendente",""
"Código de Processo Penal","328","Pendente",""
"Código de Processo Penal","329","Pendente",""
"Código de Processo Penal","330","Pendente",""
"Código de Processo Penal","331","Pendente",""
"Código de Processo Penal","332","Pendente",""
"Código de Processo Penal","333","Pendente",""
"Código de Processo Penal","334","Pendente",""
"Código de Processo Penal","335","Pendente",""
"Código de Processo Penal","336","Pendente",""
"Código de Processo Penal","337","Pendente",""
"Código de Processo Penal","338","Pendente",""
"Código de Processo Penal","339","Pendente",""
"Código de Processo Penal","340","Pendente",""
"Código de Processo Penal","341","Pendente",""
"Código de Processo Penal","342","Pendente",""
"Código de Processo Penal","343","Pendente",""
"Código de Processo Penal","344","Pendente",""
"Código de Processo Penal","345","Pendente",""
"Código de Processo Penal","346","Pendente",""
"Código de Processo Penal","347","Pendente",""
"Código de Processo Penal","348","Pendente",""
"Código de Processo Penal","349","Pendente",""
"Código de Processo Penal","350","Pendente",""
"Código de Processo Penal","350-A","Pendente",""
"Código de Processo Penal","350-B","Pendente",""
"Código de Processo Penal","351","Pendente",""
"Código de Processo Penal","352","Pendente",""
"Código de Processo Penal","353","Pendente",""
"Código de Processo Penal","354","Pendente",""
"Código de Processo Penal","355","Pendente",""
"Código de Processo Penal","356","Pendente",""
"Código de Processo Penal","357","Pendente",""
"Código de Processo Penal","358","Pendente",""
"Código de Processo Penal","359","Pendente",""
"Código de Processo Penal","360","Pendente",""
"Código de Processo Penal","361","Pendente",""
"Código de Processo Penal","362","Pendente",""
"Código de Processo Penal","364","Pendente",""
"Código de Processo Penal","365","Pendente",""
"Código de Processo Penal","366","Pendente",""
"Código de Processo Penal","367","Pendente",""
"Código de Processo Penal","368","Pendente",""
"Código de Processo Penal","369","Pendente",""
"Código de Processo Penal","370","Pendente",""
"Código de Processo Penal","371","Pendente",""
"Código de Processo Penal","372","Pendente",""
"Código de Processo Penal","373","Pendente",""
"Código de Processo Penal","374","Pendente",""
"Código de Processo Penal","375","Pendente",""
"Código de Processo Penal","376","Pendente",""
"Código de Processo Penal","377","Pendente",""
"Código de Processo Penal","378","Pendente",""
"Código de Processo Penal","379","Pendente",""
"Código de Processo Penal","380","Pendente",""
"Código de Processo Penal","381","Pendente",""
"Código de Processo Penal","382","Pendente",""
"Código de Processo Penal","383","Pendente",""
"Código de Processo Penal","385","Pendente",""
"Código de Processo Penal","386","Pendente",""
"Código de Processo Penal","387","Pendente",""
"Código de Processo Penal","388","Pendente",""
"Código de Processo Penal","389","Pendente",""
"Código de Processo Penal","390","Pendente",""
"Código de Processo Penal","391","Pendente",""
"Código de Processo Penal","392","Pendente",""
"Código de Processo Penal","393","Pendente",""
"Código de Processo Penal","394-A","Pendente",""
"Código de Processo Penal","395","Pendente",""
"Código de Processo Penal","396-A","Pendente",""
"Código de Processo Penal","398","Pendente",""
"Código de Processo Penal","399","Pendente",""
"Código de Processo Penal","400-A","Pendente",""
"Código de Processo Penal","403","Pendente",""
"Código de Processo Penal","406","Pendente",""
"Código de Processo Penal","407","Pendente",""
"Código de Processo Penal","408","Pendente",""
"Código de Processo Penal","409","Pendente",""
"Código de Processo Penal","410","Pendente",""
"Código de Processo Penal","411","Pendente",""
"Código de Processo Penal","412","Pendente",""
"Código de Processo Penal","422","Pendente",""
"Código de Processo Penal","426","Pendente",""
"Código de Processo Penal","439","Pendente",""
"Código de Processo Penal","461","Pendente",""
"Código de Processo Penal","469","Pendente",""
"Código de Processo Penal","474-A","Pendente",""
"Código de Processo Penal","493","Pendente",""
"Código de Processo Penal","498","Pendente",""
"Código de Processo Penal","499","Pendente",""
"Código de Processo Penal","500","Pendente",""
"Código de Processo Penal","501","Pendente",""
"Código de Processo Penal","502","Pendente",""
"Código de Processo Penal","503","Pendente",""
"Código de Processo Penal","504","Pendente",""
"Código de Processo Penal","505","Pendente",""
"Código de Processo Penal","506","Pendente",""
"Código de Processo Penal","507","Pendente",""
"Código de Processo Penal","508","Pendente",""
"Código de Processo Penal","509","Pendente",""
"Código de Processo Penal","510","Pendente",""
"Código de Processo Penal","511","Pendente",""
"Código de Processo Penal","512","Pendente",""
"Código de Processo Penal","513","Pendente",""
"Código de Processo Penal","514","Pendente",""
"Código de Processo Penal","515","Pendente",""
"Código de Processo Penal","516","Pendente",""
"Código de Processo Penal","517","Pendente",""
"Código de Processo Penal","518","Pendente",""
"Código de Processo Penal","519","Pendente",""
"Código de Processo Penal","520","Pendente",""
"Código de Processo Penal","521","Pendente",""
"Código de Processo Penal","522","Pendente",""
"Código de Processo Penal","523","Pendente",""
"Código de Processo Penal","524","Pendente",""
"Código de Processo Penal","525","Pendente",""
"Código de Processo Penal","526","Pendente",""
"Código de Processo Penal","527","Pendente",""
"Código de Processo Penal","528","Pendente",""
"Código de Processo Penal","529","Pendente",""
"Código de Processo Penal","530","Pendente",""
"Código de Processo Penal","530-A","Pendente",""
"Código de Processo Penal","530-B","Pendente",""
"Código de Processo Penal","530-C","Pendente",""
"Código de Processo Penal","530-D","Pendente",""
"Código de Processo Penal","530-E","Pendente",""
"Código de Processo Penal","530-F","Pendente",""
"Código de Processo Penal","530-G","Pendente",""
"Código de Processo Penal","530-H","Pendente",""
"Código de Processo Penal","530-I","Pendente",""
"Código de Processo Penal","531","Pendente",""
"Código de Processo Penal","534","Pendente",""
"Código de Processo Penal","535","Pendente",""
"Código de Processo Penal","536","Pendente",""
"Código de Processo Penal","537","Pendente",""
"Código de Processo Penal","539","Pendente",""
"Código de Processo Penal","540","Pendente",""
"Código de Processo Penal","541","Pendente",""
"Código de Processo Penal","542","Pendente",""
"Código de Processo Penal","543","Pendente",""
"Código de Processo Penal","544","Pendente",""
"Código de Processo Penal","545","Pendente",""
"Código de Processo Penal","546","Pendente",""
"Código de Processo Penal","547","Pendente",""
"Código de Processo Penal","548","Pendente",""
"Código de Processo Penal","549","Pendente",""
"Código de Processo Penal","550","Pendente",""
"Código de Processo Penal","551","Pendente",""
"Código de Processo Penal","552","Pendente",""
"Código de Processo Penal","553","Pendente",""
"Código de Processo Penal","554","Pendente",""
"Código de Processo Penal","555","Pendente",""
"Código de Processo Penal","556","Pendente",""
"Código de Processo Penal","561","Pendente",""
"Código de Processo Penal","563","Pendente",""
"Código de Processo Penal","564","Pendente",""
"Código de Processo Penal","565","Pendente",""
"Código de Processo Penal","566","Pendente",""
"Código de Processo Penal","567","Pendente",""
"Código de Processo Penal","568","Pendente",""
"Código de Processo Penal","569","Pendente",""
"Código de Processo Penal","570","Pendente",""
"Código de Processo Penal","571","Pendente",""
"Código de Processo Penal","572","Pendente",""
"Código de Processo Penal","573","Pendente",""
"Código de Processo Penal","574","Pendente",""
"Código de Processo Penal","575","Pendente",""
"Código de Processo Penal","576","Pendente",""
"Código de Processo Penal","577","Pendente",""
"Código de Processo Penal","578","Pendente",""
"Código de Processo Penal","579","Pendente",""
"Código de Processo Penal","580","Pendente",""
"Código de Processo Penal","581","Pendente",""
"Código de Processo Penal","582","Pendente",""
"Código de Processo Penal","583","Pendente",""
"Código de Processo Penal","584","Pendente",""
"Código de Processo Penal","585","Pendente",""
"Código de Processo Penal","586","Pendente",""
"Código de Processo Penal","587","Pendente",""
"Código de Processo Penal","588","Pendente",""
"Código de Processo Penal","589","Pendente",""
"Código de Processo Penal","590","Pendente",""
"Código de Processo Penal","591","Pendente",""
"Código de Processo Penal","592","Pendente",""
"Código de Processo Penal","593","Pendente",""
"Código de Processo Penal","594","Pendente",""
"Código de Processo Penal","595","Pendente",""
"Código de Processo Penal","596","Pendente",""
"Código de Processo Penal","597","Pendente",""
"Código de Processo Penal","598","Pendente",""
"Código de Processo Penal","599","Pendente",""
"Código de Processo Penal","600","Pendente",""
"Código de Processo Penal","601","Pendente",""
"Código de Processo Penal","602","Pendente",""
"Código de Processo Penal","603","Pendente",""
"Código de Processo Penal","604","Pendente",""
"Código de Processo Penal","605","Pendente",""
"Código de Processo Penal","606","Pendente",""
"Código de Processo Penal","607","Pendente",""
"Código de Processo Penal","608","Pendente",""
"Código de Processo Penal","609","Pendente",""
"Código de Processo Penal","610","Pendente",""
"Código de Processo Penal","612","Pendente",""
"Código de Processo Penal","613","Pendente",""
"Código de Processo Penal","614","Pendente",""
"Código de Processo Penal","615","Pendente",""
"Código de Processo Penal","616","Pendente",""
"Código de Processo Penal","617","Pendente",""
"Código de Processo Penal","618","Pendente",""
"Código de Processo Penal","619","Pendente",""
"Código de Processo Penal","620","Pendente",""
"Código de Processo Penal","621","Pendente",""
"Código de Processo Penal","622","Pendente",""
"Código de Processo Penal","623","Pendente",""
"Código de Processo Penal","624","Pendente",""
"Código de Processo Penal","625","Pendente",""
"Código de Processo Penal","626","Pendente",""
"Código de Processo Penal","627","Pendente",""
"Código de Processo Penal","628","Pendente",""
"Código de Processo Penal","629","Pendente",""
"Código de Processo Penal","630","Pendente",""
"Código de Processo Penal","631","Pendente",""
"Código de Processo Penal","632","Pendente",""
"Código de Processo Penal","633","Pendente",""
"Código de Processo Penal","634","Pendente",""
"Código de Processo Penal","635","Pendente",""
"Código de Processo Penal","636","Pendente",""
"Código de Processo Penal","637","Pendente",""
"Código de Processo Penal","638","Pendente",""
"Código de Processo Penal","639","Pendente",""
"Código de Processo Penal","640","Pendente",""
"Código de Processo Penal","641","Pendente",""
"Código de Processo Penal","642","Pendente",""
"Código de Processo Penal","643","Pendente",""
"Código de Processo Penal","644","Pendente",""
"Código de Processo Penal","645","Pendente",""
"Código de Processo Penal","646","Pendente",""
"Código de Processo Penal","647","Pendente",""
"Código de Processo Penal","647-A","Pendente",""
"Código de Processo Penal","648","Pendente",""
"Código de Processo Penal","649","Pendente",""
"Código de Processo Penal","650","Pendente",""
"Código de Processo Penal","651","Pendente",""
"Código de Processo Penal","652","Pendente",""
"Código de Processo Penal","653","Pendente",""
"Código de Processo Penal","654","Pendente",""
"Código de Processo Penal","655","Pendente",""
"Código de Processo Penal","656","Pendente",""
"Código de Processo Penal","657","Pendente",""
"Código de Processo Penal","658","Pendente",""
"Código de Processo Penal","659","Pendente",""
"Código de Processo Penal","660","Pendente",""
"Código de Processo Penal","661","Pendente",""
"Código de Processo Penal","662","Pendente",""
"Código de Processo Penal","663","Pendente",""
"Código de Processo Penal","664","Pendente",""
"Código de Processo Penal","665","Pendente",""
"Código de Processo Penal","666","Pendente",""
"Código de Processo Penal","667","Pendente",""
"Código de Processo Penal","668","Pendente",""
"Código de Processo Penal","669","Pendente",""
"Código de Processo Penal","670","Pendente",""
"Código de Processo Penal","671","Pendente",""
"Código de Processo Penal","672","Pendente",""
"Código de Processo Penal","673","Pendente",""
"Código de Processo Penal","674","Pendente",""
"Código de Processo Penal","675","Pendente",""
"Código de Processo Penal","676","Pendente",""
"Código de Processo Penal","677","Pendente",""
"Código de Processo Penal","678","Pendente",""
"Código de Processo Penal","679","Pendente",""
"Código de Processo Penal","680","Pendente",""
"Código de Processo Penal","681","Pendente",""
"Código de Processo Penal","682","Pendente",""
"Código de Processo Penal","683","Pendente",""
"Código de Processo Penal","684","Pendente",""
"Código de Processo Penal","685","Pendente",""
"Código de Processo Penal","686","Pendente",""
"Código de Processo Penal","687","Pendente",""
"Código de Processo Penal","688","Pendente",""
"Código de Processo Penal","689","Pendente",""
"Código de Processo Penal","690","Pendente",""
"Código de Processo Penal","691","Pendente",""
"Código de Processo Penal","692","Pendente",""
"Código de Processo Penal","693","Pendente",""
"Código de Processo Penal","694","Pendente",""
"Código de Processo Penal","695","Pendente",""
"Código de Processo Penal","696","Pendente",""
"Código de Processo Penal","697","Pendente",""
"Código de Processo Penal","698","Pendente",""
"Código de Processo Penal","699","Pendente",""
"Código de Processo Penal","700","Pendente",""
"Código de Processo Penal","701","Pendente",""
"Código de Processo Penal","702","Pendente",""
"Código de Processo Penal","703","Pendente",""
"Código de Processo Penal","704","Pendente",""
"Código de Processo Penal","705","Pendente",""
"Código de Processo Penal","706","Pendente",""
"Código de Processo Penal","707","Pendente",""
"Código de Processo Penal","708","Pendente",""
"Código de Processo Penal","709","Pendente",""
"Código de Processo Penal","710","Pendente",""
"Código de Processo Penal","711","Pendente",""
"Código de Processo Penal","712","Pendente",""
"Código de Processo Penal","713","Pendente",""
"Código de Processo Penal","714","Pendente",""
"Código de Processo Penal","715","Pendente",""
"Código de Processo Penal","716","Pendente",""
"Código de Processo Penal","717","Pendente",""
"Código de Processo Penal","718","Pendente",""
"Código de Processo Penal","719","Pendente",""
"Código de Processo Penal","720","Pendente",""
"Código de Processo Penal","721","Pendente",""
"Código de Processo Penal","722","Pendente",""
"Código de Processo Penal","723","Pendente",""
"Código de Processo Penal","724","Pendente",""
"Código de Processo Penal","725","Pendente",""
"Código de Processo Penal","726","Pendente",""
"Código de Processo Penal","727","Pendente",""
"Código de Processo Penal","728","Pendente",""
"Código de Processo Penal","729","Pendente",""
"Código de Processo Penal","730","Pendente",""
"Código de Processo Penal","731","Pendente",""
"Código de Processo Penal","732","Pendente",""
"Código de Processo Penal","733","Pendente",""
"Código de Processo Penal","734","Pendente",""
"Código de Processo Penal","735","Pendente",""
"Código de Processo Penal","736","Pendente",""
"Código de Processo Penal","737","Pendente",""
"Código de Processo Penal","738","Pendente",""
"Código de Processo Penal","739","Pendente",""
"Código de Processo Penal","740","Pendente",""
"Código de Processo Penal","741","Pendente",""
"Código de Processo Penal","742","Pendente",""
"Código de Processo Penal","743","Pendente",""
"Código de Processo Penal","744","Pendente",""
"Código de Processo Penal","745","Pendente",""
"Código de Processo Penal","746","Pendente",""
"Código de Processo Penal","747","Pendente",""
"Código de Processo Penal","748","Pendente",""
"Código de Processo Penal","749","Pendente",""
"Código de Processo Penal","750","Pendente",""
"Código de Processo Penal","751","Pendente",""
"Código de Processo Penal","752","Pendente",""
"Código de Processo Penal","753","Pendente",""
"Código de Processo Penal","754","Pendente",""
"Código de Processo Penal","755","Pendente",""
"Código de Processo Penal","756","Pendente",""
"Código de Processo Penal","757","Pendente",""
"Código de Processo Penal","758","Pendente",""
"Código de Processo Penal","759","Pendente",""
"Código de Processo Penal","760","Pendente",""
"Código de Processo Penal","761","Pendente",""
"Código de Processo Penal","762","Pendente",""
"Código de Processo Penal","763","Pendente",""
"Código de Processo Penal","764","Pendente",""
"Código de Processo Penal","765","Pendente",""
"Código de Processo Penal","766","Pendente",""
"Código de Processo Penal","767","Pendente",""
"Código de Processo Penal","768","Pendente",""
"Código de Processo Penal","769","Pendente",""
"Código de Processo Penal","770","Pendente",""
"Código de Processo Penal","771","Pendente",""
"Código de Processo Penal","772","Pendente",""
"Código de Processo Penal","773","Pendente",""
"Código de Processo Penal","774","Pendente",""
"Código de Processo Penal","775","Pendente",""
"Código de Processo Penal","776","Pendente",""
"Código de Processo Penal","777","Pendente",""
"Código de Processo Penal","778","Pendente",""
"Código de Processo Penal","779","Pendente",""
"Código de Processo Penal","780","Pendente",""
"Código de Processo Penal","781","Pendente",""
"Código de Processo Penal","782","Pendente",""
"Código de Processo Penal","783","Pendente",""
"Código de Processo Penal","784","Pendente",""
"Código de Processo Penal","785","Pendente",""
"Código de Processo Penal","786","Pendente",""
"Código de Processo Penal","787","Pendente",""
"Código de Processo Penal","788","Pendente",""
"Código de Processo Penal","789","Pendente",""
"Código de Processo Penal","790","Pendente",""
"Código de Processo Penal","791","Pendente",""
"Código de Processo Penal","792","Pendente",""
"Código de Processo Penal","793","Pendente",""
"Código de Processo Penal","794","Pendente",""
"Código de Processo Penal","795","Pendente",""
"Código de Processo Penal","796","Pendente",""
"Código de Processo Penal","797","Pendente",""
"Código de Processo Penal","798","Pendente",""
"Código de Processo Penal","798-A","Pendente",""
"Código de Processo Penal","799","Pendente",""
"Código de Processo Penal","800","Pendente",""
"Código de Processo Penal","801","Pendente",""
"Código de Processo Penal","802","Pendente",""
"Código de Processo Penal","803","Pendente",""
"Código de Processo Penal","804","Pendente",""
"Código de Processo Penal","805","Pendente",""
"Código de Processo Penal","806","Pendente",""
"Código de Processo Penal","807","Pendente",""
"Código de Processo Penal","808","Pendente",""
"Código de Processo Penal","809","Pendente",""
"Código de Processo Penal","810","Pendente",""
"Código de Processo Penal","811","Pendente",""
"CLT","1º","Pendente",""
"CLT","2º","Pendente",""
"CLT","3º","Pendente",""
"CLT","4º","Pendente",""
"CLT","5º","Pendente",""
"CLT","6º","Pendente",""
"CLT","7º","Pendente",""
"CLT","9º","Pendente",""
"CLT","10-A","Pendente",""
"CLT","11","Pendente",""
"CLT","11-A","Pendente",""
"CLT","12","Pendente",""
"CLT","13","Pendente",""
"CLT","14","Pendente",""
"CLT","15","Pendente",""
"CLT","16","Pendente",""
"CLT","17","Pendente",""
"CLT","18","Pendente",""
"CLT","19","Pendente",""
"CLT","20","Pendente",""
"CLT","21","Pendente",""
"CLT","22","Pendente",""
"CLT","23","Pendente",""
"CLT","24","Pendente",""
"CLT","25","Pendente",""
"CLT","26","Pendente",""
"CLT","28","Pendente",""
"CLT","29","Pendente",""
"CLT","30","Pendente",""
"CLT","31","Pendente",""
"CLT","32","Pendente",""
"CLT","33","Pendente",""
"CLT","34","Pendente",""
"CLT","35","Pendente",""
"CLT","36","Pendente",""
"CLT","37","Pendente",""
"CLT","38","Pendente",""
"CLT","39","Pendente",""
"CLT","40","Pendente",""
"CLT","41","Pendente",""
"CLT","42","Pendente",""
"CLT","43","Pendente",""
"CLT","44","Pendente",""
"CLT","45","Pendente",""
"CLT","46","Pendente",""
"CLT","47","Pendente",""
"CLT","47-A","Pendente",""
"CLT","48","Pendente",""
"CLT","49","Pendente",""
"CLT","50","Pendente",""
"CLT","51","Pendente",""
"CLT","52","Pendente",""
"CLT","53","Pendente",""
"CLT","54","Pendente",""
"CLT","55","Pendente",""
"CLT","56","Pendente",""
"CLT","57","Pendente",""
"CLT","58","Pendente",""
"CLT","58-A","Pendente",""
"CLT","59","Pendente",""
"CLT","59-A","Pendente",""
"CLT","59-B","Pendente",""
"CLT","60","Pendente",""
"CLT","61","Pendente",""
"CLT","62","Pendente",""
"CLT","63","Pendente",""
"CLT","64","Pendente",""
"CLT","65","Pendente",""
"CLT","66","Pendente",""
"CLT","67","Pendente",""
"CLT","68","Pendente",""
"CLT","69","Pendente",""
"CLT","70","Pendente",""
"CLT","71","Pendente",""
"CLT","72","Pendente",""
"CLT","73","Pendente",""
"CLT","74","Pendente",""
"CLT","75","Pendente",""
"CLT","75-A","Pendente",""
"CLT","75-B","Pendente",""
"CLT","75-C","Pendente",""
"CLT","75-D","Pendente",""
"CLT","75-E","Pendente",""
"CLT","75-F","Pendente",""
"CLT","76","Pendente",""
"CLT","77","Pendente",""
"CLT","78","Pendente",""
"CLT","79","Pendente",""
"CLT","80","Pendente",""
"CLT","81","Pendente",""
"CLT","82","Pendente",""
"CLT","83","Pendente",""
"CLT","84","Pendente",""
"CLT","85","Pendente",""
"CLT","86","Pendente",""
"CLT","87","Pendente",""
"CLT","88","Pendente",""
"CLT","89","Pendente",""
"CLT","90","Pendente",""
"CLT","91","Pendente",""
"CLT","92","Pendente",""
"CLT","93","Pendente",""
"CLT","94","Pendente",""
"CLT","95","Pendente",""
"CLT","96","Pendente",""
"CLT","97","Pendente",""
"CLT","98","Pendente",""
"CLT","99","Pendente",""
"CLT","100","Pendente",""
"CLT","101","Pendente",""
"CLT","102","Pendente",""
"CLT","103","Pendente",""
"CLT","104","Pendente",""
"CLT","105","Pendente",""
"CLT","106","Pendente",""
"CLT","107","Pendente",""
"CLT","108","Pendente",""
"CLT","109","Pendente",""
"CLT","110","Pendente",""
"CLT","111","Pendente",""
"CLT","112","Pendente",""
"CLT","113","Pendente",""
"CLT","114","Pendente",""
"CLT","115","Pendente",""
"CLT","116","Pendente",""
"CLT","117","Pendente",""
"CLT","118","Pendente",""
"CLT","119","Pendente",""
"CLT","120","Pendente",""
"CLT","121","Pendente",""
"CLT","122","Pendente",""
"CLT","123","Pendente",""
"CLT","124","Pendente",""
"CLT","125","Pendente",""
"CLT","126","Pendente",""
"CLT","127","Pendente",""
"CLT","128","Pendente",""
"CLT","129","Pendente",""
"CLT","130","Pendente",""
"CLT","130-A","Pendente",""
"CLT","131","Pendente",""
"CLT","132","Pendente",""
"CLT","133","Pendente",""
"CLT","134","Pendente",""
"CLT","135","Pendente",""
"CLT","136","Pendente",""
"CLT","137","Pendente",""
"CLT","138","Pendente",""
"CLT","139","Pendente",""
"CLT","140","Pendente",""
"CLT","141","Pendente",""
"CLT","142","Pendente",""
"CLT","143","Pendente",""
"CLT","144","Pendente",""
"CLT","145","Pendente",""
"CLT","146","Pendente",""
"CLT","147","Pendente",""
"CLT","148","Pendente",""
"CLT","149","Pendente",""
"CLT","150","Pendente",""
"CLT","151","Pendente",""
"CLT","152","Pendente",""
"CLT","153","Pendente",""
"CLT","155","Pendente",""
"CLT","156","Pendente",""
"CLT","157","Pendente",""
"CLT","158","Pendente",""
"CLT","159","Pendente",""
"CLT","160","Pendente",""
"CLT","161","Pendente",""
"CLT","162","Pendente",""
"CLT","163","Pendente",""
"CLT","165","Pendente",""
"CLT","167","Pendente",""
"CLT","169","Pendente",""
"CLT","169-A","Pendente",""
"CLT","171","Pendente",""
"CLT","172","Pendente",""
"CLT","173","Pendente",""
"CLT","175","Pendente",""
"CLT","176","Pendente",""
"CLT","184","Pendente",""
"CLT","185","Pendente",""
"CLT","186","Pendente",""
"CLT","187","Pendente",""
"CLT","192","Pendente",""
"CLT","193","Pendente",""
"CLT","194","Pendente",""
"CLT","196","Pendente",""
"CLT","199","Pendente",""
"CLT","200","Pendente",""
"CLT","201","Pendente",""
"CLT","203","Pendente",""
"CLT","204","Pendente",""
"CLT","206","Pendente",""
"CLT","207","Pendente",""
"CLT","209","Pendente",""
"CLT","210","Pendente",""
"CLT","211","Pendente",""
"CLT","214","Pendente",""
"CLT","216","Pendente",""
"CLT","217","Pendente",""
"CLT","218","Pendente",""
"CLT","219","Pendente",""
"CLT","220","Pendente",""
"CLT","221","Pendente",""
"CLT","222","Pendente",""
"CLT","223","Pendente",""
"CLT","223-A","Pendente",""
"CLT","223-B","Pendente",""
"CLT","223-C","Pendente",""
"CLT","223-D","Pendente",""
"CLT","223-E","Pendente",""
"CLT","223-F","Pendente",""
"CLT","223-G","Pendente",""
"CLT","224","Pendente",""
"CLT","225","Pendente",""
"CLT","226","Pendente",""
"CLT","227","Pendente",""
"CLT","228","Pendente",""
"CLT","229","Pendente",""
"CLT","230","Pendente",""
"CLT","231","Pendente",""
"CLT","232","Pendente",""
"CLT","233","Pendente",""
"CLT","234","Pendente",""
"CLT","235","Pendente",""
"CLT","235-A","Pendente",""
"CLT","235-B","Pendente",""
"CLT","235-C","Pendente",""
"CLT","235-D","Pendente",""
"CLT","235-E","Pendente",""
"CLT","235-F","Pendente",""
"CLT","235-G","Pendente",""
"CLT","235-H","Pendente",""
"CLT","236","Pendente",""
"CLT","237","Pendente",""
"CLT","238","Pendente",""
"CLT","239","Pendente",""
"CLT","240","Pendente",""
"CLT","241","Pendente",""
"CLT","242","Pendente",""
"CLT","243","Pendente",""
"CLT","244","Pendente",""
"CLT","245","Pendente",""
"CLT","246","Pendente",""
"CLT","247","Pendente",""
"CLT","248","Pendente",""
"CLT","249","Pendente",""
"CLT","250","Pendente",""
"CLT","251","Pendente",""
"CLT","252","Pendente",""
"CLT","253","Pendente",""
"CLT","254","Pendente",""
"CLT","255","Pendente",""
"CLT","256","Pendente",""
"CLT","257","Pendente",""
"CLT","258","Pendente",""
"CLT","259","Pendente",""
"CLT","260","Pendente",""
"CLT","261","Pendente",""
"CLT","262","Pendente",""
"CLT","263","Pendente",""
"CLT","264","Pendente",""
"CLT","265","Pendente",""
"CLT","266","Pendente",""
"CLT","267","Pendente",""
"CLT","268","Pendente",""
"CLT","269","Pendente",""
"CLT","270","Pendente",""
"CLT","271","Pendente",""
"CLT","272","Pendente",""
"CLT","273","Pendente",""
"CLT","274","Pendente",""
"CLT","275","Pendente",""
"CLT","276","Pendente",""
"CLT","277","Pendente",""
"CLT","278","Pendente",""
"CLT","279","Pendente",""
"CLT","280","Pendente",""
"CLT","281","Pendente",""
"CLT","282","Pendente",""
"CLT","283","Pendente",""
"CLT","284","Pendente",""
"CLT","286","Pendente",""
"CLT","287","Pendente",""
"CLT","288","Pendente",""
"CLT","289","Pendente",""
"CLT","290","Pendente",""
"CLT","291","Pendente",""
"CLT","292","Pendente",""
"CLT","293","Pendente",""
"CLT","294","Pendente",""
"CLT","295","Pendente",""
"CLT","296","Pendente",""
"CLT","297","Pendente",""
"CLT","298","Pendente",""
"CLT","299","Pendente",""
"CLT","300","Pendente",""
"CLT","301","Pendente",""
"CLT","302","Pendente",""
"CLT","303","Pendente",""
"CLT","304","Pendente",""
"CLT","305","Pendente",""
"CLT","306","Pendente",""
"CLT","307","Pendente",""
"CLT","308","Pendente",""
"CLT","309","Pendente",""
"CLT","310","Pendente",""
"CLT","311","Pendente",""
"CLT","312","Pendente",""
"CLT","313","Pendente",""
"CLT","314","Pendente",""
"CLT","315","Pendente",""
"CLT","316","Pendente",""
"CLT","317","Pendente",""
"CLT","318","Pendente",""
"CLT","319","Pendente",""
"CLT","320","Pendente",""
"CLT","321","Pendente",""
"CLT","322","Pendente",""
"CLT","323","Pendente",""
"CLT","324","Pendente",""
"CLT","325","Pendente",""
"CLT","326","Pendente",""
"CLT","327","Pendente",""
"CLT","328","Pendente",""
"CLT","329","Pendente",""
"CLT","330","Pendente",""
"CLT","331","Pendente",""
"CLT","332","Pendente",""
"CLT","333","Pendente",""
"CLT","334","Pendente",""
"CLT","335","Pendente",""
"CLT","336","Pendente",""
"CLT","337","Pendente",""
"CLT","338","Pendente",""
"CLT","339","Pendente",""
"CLT","340","Pendente",""
"CLT","341","Pendente",""
"CLT","342","Pendente",""
"CLT","343","Pendente",""
"CLT","344","Pendente",""
"CLT","345","Pendente",""
"CLT","346","Pendente",""
"CLT","347","Pendente",""
"CLT","348","Pendente",""
"CLT","349","Pendente",""
"CLT","350","Pendente",""
"CLT","351","Pendente",""
"CLT","352","Pendente",""
"CLT","353","Pendente",""
"CLT","354","Pendente",""
"CLT","355","Pendente",""
"CLT","356","Pendente",""
"CLT","357","Pendente",""
"CLT","358","Pendente",""
"CLT","359","Pendente",""
"CLT","360","Pendente",""
"CLT","361","Pendente",""
"CLT","362","Pendente",""
"CLT","363","Pendente",""
"CLT","364","Pendente",""
"CLT","365","Pendente",""
"CLT","366","Pendente",""
"CLT","367","Pendente",""
"CLT","368","Pendente",""
"CLT","369","Pendente",""
"CLT","370","Pendente",""
"CLT","371","Pendente",""
"CLT","372","Pendente",""
"CLT","373","Pendente",""
"CLT","373-A","Pendente",""
"CLT","374","Pendente",""
"CLT","375","Pendente",""
"CLT","376","Pendente",""
"CLT","377","Pendente",""
"CLT","378","Pendente",""
"CLT","379","Pendente",""
"CLT","380","Pendente",""
"CLT","381","Pendente",""
"CLT","382","Pendente",""
"CLT","383","Pendente",""
"CLT","384","Pendente",""
"CLT","385","Pendente",""
"CLT","386","Pendente",""
"CLT","387","Pendente",""
"CLT","388","Pendente",""
"CLT","389","Pendente",""
"CLT","390","Pendente",""
"CLT","390-A","Pendente",""
"CLT","390-B","Pendente",""
"CLT","390-C","Pendente",""
"CLT","390-D","Pendente",""
"CLT","390-E","Pendente",""
"CLT","391","Pendente",""
"CLT","391-A","Pendente",""
"CLT","392","Pendente",""
"CLT","392-A","Pendente",""
"CLT","392-B","Pendente",""
"CLT","392-C","Pendente",""
"CLT","393","Pendente",""
"CLT","394","Pendente",""
"CLT","394-A","Pendente",""
"CLT","395","Pendente",""
"CLT","396","Pendente",""
"CLT","397","Pendente",""
"CLT","398","Pendente",""
"CLT","399","Pendente",""
"CLT","400","Pendente",""
"CLT","401","Pendente",""
"CLT","402","Pendente",""
"CLT","403","Pendente",""
"CLT","404","Pendente",""
"CLT","405","Pendente",""
"CLT","406","Pendente",""
"CLT","407","Pendente",""
"CLT","408","Pendente",""
"CLT","409","Pendente",""
"CLT","410","Pendente",""
"CLT","411","Pendente",""
"CLT","412","Pendente",""
"CLT","413","Pendente",""
"CLT","414","Pendente",""
"CLT","415","Pendente",""
"CLT","416","Pendente",""
"CLT","418","Pendente",""
"CLT","419","Pendente",""
"CLT","420","Pendente",""
"CLT","421","Pendente",""
"CLT","422","Pendente",""
"CLT","423","Pendente",""
"CLT","424","Pendente",""
"CLT","425","Pendente",""
"CLT","426","Pendente",""
"CLT","427","Pendente",""
"CLT","428","Pendente",""
"CLT","429","Pendente",""
"CLT","430","Pendente",""
"CLT","431","Pendente",""
"CLT","432","Pendente",""
"CLT","433","Pendente",""
"CLT","434","Pendente",""
"CLT","437","Pendente",""
"CLT","438","Pendente",""
"CLT","439","Pendente",""
"CLT","440","Pendente",""
"CLT","441","Pendente",""
"CLT","442","Pendente",""
"CLT","442-A","Pendente",""
"CLT","442-B","Pendente",""
"CLT","443","Pendente",""
"CLT","444","Pendente",""
"CLT","445","Pendente",""
"CLT","446","Pendente",""
"CLT","447","Pendente",""
"CLT","448","Pendente",""
"CLT","448-A","Pendente",""
"CLT","449","Pendente",""
"CLT","450","Pendente",""
"CLT","451","Pendente",""
"CLT","452","Pendente",""
"CLT","452-A","Pendente",""
"CLT","453","Pendente",""
"CLT","454","Pendente",""
"CLT","455","Pendente",""
"CLT","456","Pendente",""
"CLT","456-A","Pendente",""
"CLT","457","Pendente",""
"CLT","458","Pendente",""
"CLT","459","Pendente",""
"CLT","460","Pendente",""
"CLT","461","Pendente",""
"CLT","462","Pendente",""
"CLT","463","Pendente",""
"CLT","464","Pendente",""
"CLT","465","Pendente",""
"CLT","466","Pendente",""
"CLT","467","Pendente",""
"CLT","468","Pendente",""
"CLT","469","Pendente",""
"CLT","469-A","Pendente",""
"CLT","470","Pendente",""
"CLT","471","Pendente",""
"CLT","472","Pendente",""
"CLT","473","Pendente",""
"CLT","474","Pendente",""
"CLT","475","Pendente",""
"CLT","476","Pendente",""
"CLT","476-A","Pendente",""
"CLT","477","Pendente",""
"CLT","477-A","Pendente",""
"CLT","477-B","Pendente",""
"CLT","478","Pendente",""
"CLT","479","Pendente",""
"CLT","480","Pendente",""
"CLT","481","Pendente",""
"CLT","482","Pendente",""
"CLT","483","Pendente",""
"CLT","484","Pendente",""
"CLT","484-A","Pendente",""
"CLT","485","Pendente",""
"CLT","486","Pendente",""
"CLT","487","Pendente",""
"CLT","488","Pendente",""
"CLT","489","Pendente",""
"CLT","490","Pendente",""
"CLT","491","Pendente",""
"CLT","492","Pendente",""
"CLT","493","Pendente",""
"CLT","494","Pendente",""
"CLT","495","Pendente",""
"CLT","496","Pendente",""
"CLT","497","Pendente",""
"CLT","498","Pendente",""
"CLT","499","Pendente",""
"CLT","500","Pendente",""
"CLT","501","Pendente",""
"CLT","502","Pendente",""
"CLT","503","Pendente",""
"CLT","504","Pendente",""
"CLT","505","Pendente",""
"CLT","506","Pendente",""
"CLT","507","Pendente",""
"CLT","507-A","Pendente",""
"CLT","507-B","Pendente",""
"CLT","508","Pendente",""
"CLT","509","Pendente",""
"CLT","510","Pendente",""
"CLT","510-A","Pendente",""
"CLT","510-B","Pendente",""
"CLT","510-C","Pendente",""
"CLT","510-D","Pendente",""
"CLT","511","Pendente",""
"CLT","512","Pendente",""
"CLT","513","Pendente",""
"CLT","514","Pendente",""
"CLT","515","Pendente",""
"CLT","516","Pendente",""
"CLT","517","Pendente",""
"CLT","518","Pendente",""
"CLT","519","Pendente",""
"CLT","520","Pendente",""
"CLT","521","Pendente",""
"CLT","522","Pendente",""
"CLT","523","Pendente",""
"CLT","524","Pendente",""
"CLT","525","Pendente",""
"CLT","526","Pendente",""
"CLT","527","Pendente",""
"CLT","529","Pendente",""
"CLT","530","Pendente",""
"CLT","531","Pendente",""
"CLT","532","Pendente",""
"CLT","533","Pendente",""
"CLT","534","Pendente",""
"CLT","535","Pendente",""
"CLT","536","Pendente",""
"CLT","537","Pendente",""
"CLT","538","Pendente",""
"CLT","539","Pendente",""
"CLT","540","Pendente",""
"CLT","541","Pendente",""
"CLT","542","Pendente",""
"CLT","543","Pendente",""
"CLT","544","Pendente",""
"CLT","545","Pendente",""
"CLT","546","Pendente",""
"CLT","547","Pendente",""
"CLT","548","Pendente",""
"CLT","549","Pendente",""
"CLT","550","Pendente",""
"CLT","551","Pendente",""
"CLT","552","Pendente",""
"CLT","553","Pendente",""
"CLT","554","Pendente",""
"CLT","555","Pendente",""
"CLT","556","Pendente",""
"CLT","557","Pendente",""
"CLT","558","Pendente",""
"CLT","559","Pendente",""
"CLT","560","Pendente",""
"CLT","561","Pendente",""
"CLT","562","Pendente",""
"CLT","563","Pendente",""
"CLT","564","Pendente",""
"CLT","565","Pendente",""
"CLT","566","Pendente",""
"CLT","567","Pendente",""
"CLT","568","Pendente",""
"CLT","569","Pendente",""
"CLT","570","Pendente",""
"CLT","571","Pendente",""
"CLT","572","Pendente",""
"CLT","573","Pendente",""
"CLT","574","Pendente",""
"CLT","575","Pendente",""
"CLT","576","Pendente",""
"CLT","577","Pendente",""
"CLT","578","Pendente",""
"CLT","579","Pendente",""
"CLT","580","Pendente",""
"CLT","581","Pendente",""
"CLT","582","Pendente",""
"CLT","583","Pendente",""
"CLT","584","Pendente",""
"CLT","585","Pendente",""
"CLT","586","Pendente",""
"CLT","587","Pendente",""
"CLT","588","Pendente",""
"CLT","589","Pendente",""
"CLT","590","Pendente",""
"CLT","591","Pendente",""
"CLT","592","Pendente",""
"CLT","593","Pendente",""
"CLT","594","Pendente",""
"CLT","595","Pendente",""
"CLT","596","Pendente",""
"CLT","598","Pendente",""
"CLT","599","Pendente",""
"CLT","600","Pendente",""
"CLT","601","Pendente",""
"CLT","602","Pendente",""
"CLT","603","Pendente",""
"CLT","604","Pendente",""
"CLT","605","Pendente",""
"CLT","606","Pendente",""
"CLT","607","Pendente",""
"CLT","608","Pendente",""
"CLT","609","Pendente",""
"CLT","610","Pendente",""
"CLT","611","Pendente",""
"CLT","611-A","Pendente",""
"CLT","611-B","Pendente",""
"CLT","612","Pendente",""
"CLT","613","Pendente",""
"CLT","614","Pendente",""
"CLT","615","Pendente",""
"CLT","616","Pendente",""
"CLT","617","Pendente",""
"CLT","618","Pendente",""
"CLT","619","Pendente",""
"CLT","620","Pendente",""
"CLT","621","Pendente",""
"CLT","622","Pendente",""
"CLT","623","Pendente",""
"CLT","624","Pendente",""
"CLT","625","Pendente",""
"CLT","625-A","Pendente",""
"CLT","625-B","Pendente",""
"CLT","625-C","Pendente",""
"CLT","625-D","Pendente",""
"CLT","625-E","Pendente",""
"CLT","625-F","Pendente",""
"CLT","625-G","Pendente",""
"CLT","625-H","Pendente",""
"CLT","626","Pendente",""
"CLT","627","Pendente",""
"CLT","627-A","Pendente",""
"CLT","628","Pendente",""
"CLT","628-A","Pendente",""
"CLT","629","Pendente",""
"CLT","630","Pendente",""
"CLT","631","Pendente",""
"CLT","632","Pendente",""
"CLT","633","Pendente",""
"CLT","634","Pendente",""
"CLT","635","Pendente",""
"CLT","636","Pendente",""
"CLT","637","Pendente",""
"CLT","638","Pendente",""
"CLT","639","Pendente",""
"CLT","640","Pendente",""
"CLT","641","Pendente",""
"CLT","642","Pendente",""
"CLT","642-A","Pendente",""
"CLT","643","Pendente",""
"CLT","644","Pendente",""
"CLT","645","Pendente",""
"CLT","646","Pendente",""
"CLT","647","Pendente",""
"CLT","648","Pendente",""
"CLT","649","Pendente",""
"CLT","650","Pendente",""
"CLT","651","Pendente",""
"CLT","652","Pendente",""
"CLT","653","Pendente",""
"CLT","654","Pendente",""
"CLT","655","Pendente",""
"CLT","656","Pendente",""
"CLT","657","Pendente",""
"CLT","658","Pendente",""
"CLT","659","Pendente",""
"CLT","660","Pendente",""
"CLT","661","Pendente",""
"CLT","662","Pendente",""
"CLT","663","Pendente",""
"CLT","664","Pendente",""
"CLT","665","Pendente",""
"CLT","666","Pendente",""
"CLT","668","Pendente",""
"CLT","669","Pendente",""
"CLT","670","Pendente",""
"CLT","671","Pendente",""
"CLT","672","Pendente",""
"CLT","673","Pendente",""
"CLT","674","Pendente",""
"CLT","675","Pendente",""
"CLT","676","Pendente",""
"CLT","677","Pendente",""
"CLT","678","Pendente",""
"CLT","679","Pendente",""
"CLT","680","Pendente",""
"CLT","681","Pendente",""
"CLT","682","Pendente",""
"CLT","683","Pendente",""
"CLT","684","Pendente",""
"CLT","685","Pendente",""
"CLT","686","Pendente",""
"CLT","687","Pendente",""
"CLT","688","Pendente",""
"CLT","689","Pendente",""
"CLT","690","Pendente",""
"CLT","691","Pendente",""
"CLT","692","Pendente",""
"CLT","693","Pendente",""
"CLT","694","Pendente",""
"CLT","695","Pendente",""
"CLT","696","Pendente",""
"CLT","697","Pendente",""
"CLT","698","Pendente",""
"CLT","699","Pendente",""
"CLT","700","Pendente",""
"CLT","701","Pendente",""
"CLT","702","Pendente",""
"CLT","703","Pendente",""
"CLT","704","Pendente",""
"CLT","705","Pendente",""
"CLT","706","Pendente",""
"CLT","707","Pendente",""
"CLT","708","Pendente",""
"CLT","709","Pendente",""
"CLT","710","Pendente",""
"CLT","711","Pendente",""
"CLT","712","Pendente",""
"CLT","713","Pendente",""
"CLT","714","Pendente",""
"CLT","715","Pendente",""
"CLT","716","Pendente",""
"CLT","717","Pendente",""
"CLT","718","Pendente",""
"CLT","719","Pendente",""
"CLT","720","Pendente",""
"CLT","721","Pendente",""
"CLT","722","Pendente",""
"CLT","723","Pendente",""
"CLT","724","Pendente",""
"CLT","725","Pendente",""
"CLT","726","Pendente",""
"CLT","727","Pendente",""
"CLT","728","Pendente",""
"CLT","729","Pendente",""
"CLT","730","Pendente",""
"CLT","731","Pendente",""
"CLT","732","Pendente",""
"CLT","733","Pendente",""
"CLT","734","Pendente",""
"CLT","735","Pendente",""
"CLT","736","Pendente",""
"CLT","737","Pendente",""
"CLT","738","Pendente",""
"CLT","739","Pendente",""
"CLT","740","Pendente",""
"CLT","741","Pendente",""
"CLT","742","Pendente",""
"CLT","743","Pendente",""
"CLT","744","Pendente",""
"CLT","745","Pendente",""
"CLT","746","Pendente",""
"CLT","747","Pendente",""
"CLT","748","Pendente",""
"CLT","749","Pendente",""
"CLT","750","Pendente",""
"CLT","751","Pendente",""
"CLT","752","Pendente",""
"CLT","753","Pendente",""
"CLT","754","Pendente",""
"CLT","755","Pendente",""
"CLT","756","Pendente",""
"CLT","757","Pendente",""
"CLT","758","Pendente",""
"CLT","759","Pendente",""
"CLT","760","Pendente",""
"CLT","761","Pendente",""
"CLT","762","Pendente",""
"CLT","763","Pendente",""
"CLT","764","Pendente",""
"CLT","765","Pendente",""
"CLT","766","Pendente",""
"CLT","767","Pendente",""
"CLT","768","Pendente",""
"CLT","769","Pendente",""
"CLT","770","Pendente",""
"CLT","771","Pendente",""
"CLT","772","Pendente",""
"CLT","773","Pendente",""
"CLT","774","Pendente",""
"CLT","775","Pendente",""
"CLT","775-A","Pendente",""
"CLT","776","Pendente",""
"CLT","777","Pendente",""
"CLT","778","Pendente",""
"CLT","779","Pendente",""
"CLT","780","Pendente",""
"CLT","781","Pendente",""
"CLT","782","Pendente",""
"CLT","783","Pendente",""
"CLT","784","Pendente",""
"CLT","785","Pendente",""
"CLT","786","Pendente",""
"CLT","787","Pendente",""
"CLT","788","Pendente",""
"CLT","789","Pendente",""
"CLT","789-A","Pendente",""
"CLT","789-B","Pendente",""
"CLT","790","Pendente",""
"CLT","790-A","Pendente",""
"CLT","790-B","Pendente",""
"CLT","791","Pendente",""
"CLT","791-A","Pendente",""
"CLT","792","Pendente",""
"CLT","793","Pendente",""
"CLT","793-A","Pendente",""
"CLT","793-B","Pendente",""
"CLT","793-C","Pendente",""
"CLT","793-D","Pendente",""
"CLT","794","Pendente",""
"CLT","795","Pendente",""
"CLT","796","Pendente",""
"CLT","797","Pendente",""
"CLT","798","Pendente",""
"CLT","799","Pendente",""
"CLT","800","Pendente",""
"CLT","801","Pendente",""
"CLT","802","Pendente",""
"CLT","803","Pendente",""
"CLT","804","Pendente",""
"CLT","805","Pendente",""
"CLT","806","Pendente",""
"CLT","807","Pendente",""
"CLT","808","Pendente",""
"CLT","809","Pendente",""
"CLT","810","Pendente",""
"CLT","811","Pendente",""
"CLT","812","Pendente",""
"CLT","813","Pendente",""
"CLT","814","Pendente",""
"CLT","815","Pendente",""
"CLT","816","Pendente",""
"CLT","817","Pendente",""
"CLT","818","Pendente",""
"CLT","819","Pendente",""
"CLT","820","Pendente",""
"CLT","821","Pendente",""
"CLT","822","Pendente",""
"CLT","823","Pendente",""
"CLT","824","Pendente",""
"CLT","825","Pendente",""
"CLT","826","Pendente",""
"CLT","827","Pendente",""
"CLT","828","Pendente",""
"CLT","829","Pendente",""
"CLT","830","Pendente",""
"CLT","831","Pendente",""
"CLT","832","Pendente",""
"CLT","833","Pendente",""
"CLT","834","Pendente",""
"CLT","835","Pendente",""
"CLT","836","Pendente",""
"CLT","837","Pendente",""
"CLT","838","Pendente",""
"CLT","839","Pendente",""
"CLT","840","Pendente",""
"CLT","841","Pendente",""
"CLT","842","Pendente",""
"CLT","843","Pendente",""
"CLT","844","Pendente",""
"CLT","845","Pendente",""
"CLT","846","Pendente",""
"CLT","847","Pendente",""
"CLT","848","Pendente",""
"CLT","849","Pendente",""
"CLT","850","Pendente",""
"CLT","851","Pendente",""
"CLT","852","Pendente",""
"CLT","852-A","Pendente",""
"CLT","852-B","Pendente",""
"CLT","852-C","Pendente",""
"CLT","852-D","Pendente",""
"CLT","852-E","Pendente",""
"CLT","852-F","Pendente",""
"CLT","852-G","Pendente",""
"CLT","852-H","Pendente",""
"CLT","852-I","Pendente",""
"CLT","853","Pendente",""
"CLT","854","Pendente",""
"CLT","855","Pendente",""
"CLT","855-A","Pendente",""
"CLT","855-B","Pendente",""
"CLT","855-C","Pendente",""
"CLT","855-D","Pendente",""
"CLT","855-E","Pendente",""
"CLT","857","Pendente",""
"CLT","858","Pendente",""
"CLT","859","Pendente",""
"CLT","860","Pendente",""
"CLT","861","Pendente",""
"CLT","862","Pendente",""
"CLT","863","Pendente",""
"CLT","864","Pendente",""
"CLT","865","Pendente",""
"CLT","866","Pendente",""
"CLT","867","Pendente",""
"CLT","868","Pendente",""
"CLT","869","Pendente",""
"CLT","870","Pendente",""
"CLT","871","Pendente",""
"CLT","873","Pendente",""
"CLT","874","Pendente",""
"CLT","875","Pendente",""
"CLT","876","Pendente",""
"CLT","877","Pendente",""
"CLT","877-A","Pendente",""
"CLT","878","Pendente",""
"CLT","878-A","Pendente",""
"CLT","879","Pendente",""
"CLT","880","Pendente",""
"CLT","881","Pendente",""
"CLT","882","Pendente",""
"CLT","883","Pendente",""
"CLT","883-A","Pendente",""
"CLT","884","Pendente",""
"CLT","885","Pendente",""
"CLT","886","Pendente",""
"CLT","887","Pendente",""
"CLT","888","Pendente",""
"CLT","889","Pendente",""
"CLT","889-A","Pendente",""
"CLT","890","Pendente",""
"CLT","891","Pendente",""
"CLT","892","Pendente",""
"CLT","893","Pendente",""
"CLT","895","Pendente",""
"CLT","896-A","Pendente",""
"CLT","896-B","Pendente",""
"CLT","896-C","Pendente",""
"CLT","897","Pendente",""
"CLT","897-A","Pendente",""
"CLT","898","Pendente",""
"CLT","899","Pendente",""
"CLT","900","Pendente",""
"CLT","901","Pendente",""
"CLT","902","Pendente",""
"CLT","903","Pendente",""
"CLT","904","Pendente",""
"CLT","905","Pendente",""
"CLT","906","Pendente",""
"CLT","907","Pendente",""
"CLT","908","Pendente",""
"CLT","909","Pendente",""
"CLT","910","Pendente",""
"CLT","911","Pendente",""
"CLT","912","Pendente",""
"CLT","913","Pendente",""
"CLT","914","Pendente",""
"CLT","915","Pendente",""
"CLT","916","Pendente",""
"CLT","917","Pendente",""
"CLT","918","Pendente",""
"CLT","919","Pendente",""
"CLT","920","Pendente",""
"CLT","921","Pendente",""
"CLT","922","Pendente",""
